Perennial.Block_to_vals	Perennial.BlockToVals
Perennial.Block_to_vals_ext_eq	Perennial.blockToVals_ext_eq
Perennial.FloatOps.float32_add	Perennial.FloatOps.float32Add
Perennial.FloatOps.float32_div	Perennial.FloatOps.float32Div
Perennial.FloatOps.float32_leb	Perennial.FloatOps.float32Leb
Perennial.FloatOps.float32_mul	Perennial.FloatOps.float32Mul
Perennial.FloatOps.float32_neg	Perennial.FloatOps.float32Neg
Perennial.FloatOps.float32_sub	Perennial.FloatOps.float32Sub
Perennial.FloatOps.float64_add	Perennial.FloatOps.float64Add
Perennial.FloatOps.float64_div	Perennial.FloatOps.float64Div
Perennial.FloatOps.float64_leb	Perennial.FloatOps.float64Leb
Perennial.FloatOps.float64_mul	Perennial.FloatOps.float64Mul
Perennial.FloatOps.float64_neg	Perennial.FloatOps.float64Neg
Perennial.FloatOps.float64_sub	Perennial.FloatOps.float64Sub
Perennial.FloatOps.float64_to_float32	Perennial.FloatOps.float64ToFloat32
Perennial.Forall_idx	Perennial.ForallIdx
Perennial.Forall_idx_drop	Perennial.forallIdx_drop
Perennial.Forall_idx_iff	Perennial.forallIdx_iff
Perennial.Forall_idx_impl	Perennial.forallIdx_impl
Perennial.GoGlobalContext.into_val	Perennial.GoGlobalContext.intoVal
Perennial.GoGlobalContext.into_val_inj_bool	Perennial.GoGlobalContext.intoVal_inj_bool
Perennial.GoGlobalContext.into_val_inj_loc	Perennial.GoGlobalContext.intoVal_inj_loc
Perennial.GoGlobalContext.into_val_inj_proph_id	Perennial.GoGlobalContext.intoVal_inj_proph_id
Perennial.GoGlobalContext.into_val_inj_w64	Perennial.GoGlobalContext.intoVal_inj_w64
Perennial.GoGlobalContext.into_val_inj_w8	Perennial.GoGlobalContext.intoVal_inj_w8
Perennial.GoSemanticsFunctions.array_index_ref	Perennial.GoSemanticsFunctions.arrayIndexRef
Perennial.GoSemanticsFunctions.global_addr	Perennial.GoSemanticsFunctions.globalAddr
Perennial.GoSemanticsFunctions.map_default	Perennial.GoSemanticsFunctions.mapDefault
Perennial.GoSemanticsFunctions.map_delete	Perennial.GoSemanticsFunctions.mapDelete
Perennial.GoSemanticsFunctions.map_empty	Perennial.GoSemanticsFunctions.mapEmpty
Perennial.GoSemanticsFunctions.map_insert	Perennial.GoSemanticsFunctions.mapInsert
Perennial.GoSemanticsFunctions.map_lookup	Perennial.GoSemanticsFunctions.mapLookup
Perennial.GoSemanticsFunctions.method_set	Perennial.GoSemanticsFunctions.methodSet
Perennial.GoState.go_lctx	Perennial.GoState.goLctx
Perennial.GoState.package_state	Perennial.GoState.packageState
Perennial.IsPkgInit.is_pkg_init_def	Perennial.IsPkgInit.isPkgInitDef
Perennial.IsPkgInit.is_pkg_init_deps	Perennial.IsPkgInit.isPkgInitDeps
Perennial.Qp_min	Perennial.QpMin
Perennial.Qp_min_glb1_lt	Perennial.qpMin_glb1_lt
Perennial.Qp_mul	Perennial.QpMul
Perennial.Syntax.cmra	Perennial.Syntax.Cmra
Perennial.Syntax.cmra.agreeR	Perennial.Syntax.Cmra.agreeR
Perennial.Syntax.cmra.agreeR.elim	Perennial.Syntax.Cmra.agreeR.elim
Perennial.Syntax.cmra.agreeR.inj	Perennial.Syntax.Cmra.agreeR.inj
Perennial.Syntax.cmra.agreeR.injEq	Perennial.Syntax.Cmra.agreeR.injEq
Perennial.Syntax.cmra.agreeR.noConfusion	Perennial.Syntax.Cmra.agreeR.noConfusion
Perennial.Syntax.cmra.agreeR.sizeOf_spec	Perennial.Syntax.Cmra.agreeR.sizeOf_spec
Perennial.Syntax.cmra.authR	Perennial.Syntax.Cmra.authR
Perennial.Syntax.cmra.authR.elim	Perennial.Syntax.Cmra.authR.elim
Perennial.Syntax.cmra.authR.inj	Perennial.Syntax.Cmra.authR.inj
Perennial.Syntax.cmra.authR.injEq	Perennial.Syntax.Cmra.authR.injEq
Perennial.Syntax.cmra.authR.noConfusion	Perennial.Syntax.Cmra.authR.noConfusion
Perennial.Syntax.cmra.authR.sizeOf_spec	Perennial.Syntax.Cmra.authR.sizeOf_spec
Perennial.Syntax.cmra.below	Perennial.Syntax.Cmra.below
Perennial.Syntax.cmra.brecOn	Perennial.Syntax.Cmra.brecOn
Perennial.Syntax.cmra.brecOn.eq	Perennial.Syntax.Cmra.brecOn.eq
Perennial.Syntax.cmra.brecOn.go	Perennial.Syntax.Cmra.brecOn.go
Perennial.Syntax.cmra.casesOn	Perennial.Syntax.Cmra.casesOn
Perennial.Syntax.cmra.csumR	Perennial.Syntax.Cmra.csumR
Perennial.Syntax.cmra.csumR.elim	Perennial.Syntax.Cmra.csumR.elim
Perennial.Syntax.cmra.csumR.inj	Perennial.Syntax.Cmra.csumR.inj
Perennial.Syntax.cmra.csumR.injEq	Perennial.Syntax.Cmra.csumR.injEq
Perennial.Syntax.cmra.csumR.noConfusion	Perennial.Syntax.Cmra.csumR.noConfusion
Perennial.Syntax.cmra.csumR.sizeOf_spec	Perennial.Syntax.Cmra.csumR.sizeOf_spec
Perennial.Syntax.cmra.ctorElim	Perennial.Syntax.Cmra.ctorElim
Perennial.Syntax.cmra.ctorElimType	Perennial.Syntax.Cmra.ctorElimType
Perennial.Syntax.cmra.ctorIdx	Perennial.Syntax.Cmra.ctorIdx
Perennial.Syntax.cmra.dfracR	Perennial.Syntax.Cmra.dfracR
Perennial.Syntax.cmra.dfracR.elim	Perennial.Syntax.Cmra.dfracR.elim
Perennial.Syntax.cmra.dfracR.sizeOf_spec	Perennial.Syntax.Cmra.dfracR.sizeOf_spec
Perennial.Syntax.cmra.exclR	Perennial.Syntax.Cmra.exclR
Perennial.Syntax.cmra.exclR.elim	Perennial.Syntax.Cmra.exclR.elim
Perennial.Syntax.cmra.exclR.inj	Perennial.Syntax.Cmra.exclR.inj
Perennial.Syntax.cmra.exclR.injEq	Perennial.Syntax.Cmra.exclR.injEq
Perennial.Syntax.cmra.exclR.noConfusion	Perennial.Syntax.Cmra.exclR.noConfusion
Perennial.Syntax.cmra.exclR.sizeOf_spec	Perennial.Syntax.Cmra.exclR.sizeOf_spec
Perennial.Syntax.cmra.fracR	Perennial.Syntax.Cmra.fracR
Perennial.Syntax.cmra.fracR.elim	Perennial.Syntax.Cmra.fracR.elim
Perennial.Syntax.cmra.fracR.sizeOf_spec	Perennial.Syntax.Cmra.fracR.sizeOf_spec
Perennial.Syntax.cmra.gmap_viewR	Perennial.Syntax.Cmra.gmapViewR
Perennial.Syntax.cmra.gmap_viewR.elim	Perennial.Syntax.Cmra.gmapViewR.elim
Perennial.Syntax.cmra.gmap_viewR.inj	Perennial.Syntax.Cmra.gmapViewR.inj
Perennial.Syntax.cmra.gmap_viewR.injEq	Perennial.Syntax.Cmra.gmapViewR.injEq
Perennial.Syntax.cmra.gmap_viewR.noConfusion	Perennial.Syntax.Cmra.gmapViewR.noConfusion
Perennial.Syntax.cmra.gmap_viewR.sizeOf_spec	Perennial.Syntax.Cmra.gmapViewR.sizeOf_spec
Perennial.Syntax.cmra.max_natR	Perennial.Syntax.Cmra.maxNatR
Perennial.Syntax.cmra.max_natR.elim	Perennial.Syntax.Cmra.maxNatR.elim
Perennial.Syntax.cmra.max_natR.sizeOf_spec	Perennial.Syntax.Cmra.maxNatR.sizeOf_spec
Perennial.Syntax.cmra.mono_listR	Perennial.Syntax.Cmra.monoListR
Perennial.Syntax.cmra.mono_listR.elim	Perennial.Syntax.Cmra.monoListR.elim
Perennial.Syntax.cmra.mono_listR.inj	Perennial.Syntax.Cmra.monoListR.inj
Perennial.Syntax.cmra.mono_listR.injEq	Perennial.Syntax.Cmra.monoListR.injEq
Perennial.Syntax.cmra.mono_listR.noConfusion	Perennial.Syntax.Cmra.monoListR.noConfusion
Perennial.Syntax.cmra.mono_listR.sizeOf_spec	Perennial.Syntax.Cmra.monoListR.sizeOf_spec
Perennial.Syntax.cmra.natR	Perennial.Syntax.Cmra.natR
Perennial.Syntax.cmra.natR.elim	Perennial.Syntax.Cmra.natR.elim
Perennial.Syntax.cmra.natR.sizeOf_spec	Perennial.Syntax.Cmra.natR.sizeOf_spec
Perennial.Syntax.cmra.noConfusion	Perennial.Syntax.Cmra.noConfusion
Perennial.Syntax.cmra.noConfusionType	Perennial.Syntax.Cmra.noConfusionType
Perennial.Syntax.cmra.optionR	Perennial.Syntax.Cmra.optionR
Perennial.Syntax.cmra.optionR.elim	Perennial.Syntax.Cmra.optionR.elim
Perennial.Syntax.cmra.optionR.inj	Perennial.Syntax.Cmra.optionR.inj
Perennial.Syntax.cmra.optionR.injEq	Perennial.Syntax.Cmra.optionR.injEq
Perennial.Syntax.cmra.optionR.noConfusion	Perennial.Syntax.Cmra.optionR.noConfusion
Perennial.Syntax.cmra.optionR.sizeOf_spec	Perennial.Syntax.Cmra.optionR.sizeOf_spec
Perennial.Syntax.cmra.positiveR	Perennial.Syntax.Cmra.positiveR
Perennial.Syntax.cmra.positiveR.elim	Perennial.Syntax.Cmra.positiveR.elim
Perennial.Syntax.cmra.positiveR.sizeOf_spec	Perennial.Syntax.Cmra.positiveR.sizeOf_spec
Perennial.Syntax.cmra.prodR	Perennial.Syntax.Cmra.prodR
Perennial.Syntax.cmra.prodR.elim	Perennial.Syntax.Cmra.prodR.elim
Perennial.Syntax.cmra.prodR.inj	Perennial.Syntax.Cmra.prodR.inj
Perennial.Syntax.cmra.prodR.injEq	Perennial.Syntax.Cmra.prodR.injEq
Perennial.Syntax.cmra.prodR.noConfusion	Perennial.Syntax.Cmra.prodR.noConfusion
Perennial.Syntax.cmra.prodR.sizeOf_spec	Perennial.Syntax.Cmra.prodR.sizeOf_spec
Perennial.Syntax.cmra.rec	Perennial.Syntax.Cmra.rec
Perennial.Syntax.cmra.recOn	Perennial.Syntax.Cmra.recOn
Perennial.Syntax.ofe	Perennial.Syntax.Ofe
Perennial.Syntax.ofe.below	Perennial.Syntax.Ofe.below
Perennial.Syntax.ofe.brecOn	Perennial.Syntax.Ofe.brecOn
Perennial.Syntax.ofe.brecOn.eq	Perennial.Syntax.Ofe.brecOn.eq
Perennial.Syntax.ofe.brecOn.go	Perennial.Syntax.Ofe.brecOn.go
Perennial.Syntax.ofe.casesOn	Perennial.Syntax.Ofe.casesOn
Perennial.Syntax.ofe.ctorElim	Perennial.Syntax.Ofe.ctorElim
Perennial.Syntax.ofe.ctorElimType	Perennial.Syntax.Ofe.ctorElimType
Perennial.Syntax.ofe.ctorIdx	Perennial.Syntax.Ofe.ctorIdx
Perennial.Syntax.ofe.discrete_funO	Perennial.Syntax.Ofe.discreteFunO
Perennial.Syntax.ofe.discrete_funO.elim	Perennial.Syntax.Ofe.discreteFunO.elim
Perennial.Syntax.ofe.discrete_funO.inj	Perennial.Syntax.Ofe.discreteFunO.inj
Perennial.Syntax.ofe.discrete_funO.injEq	Perennial.Syntax.Ofe.discreteFunO.injEq
Perennial.Syntax.ofe.discrete_funO.noConfusion	Perennial.Syntax.Ofe.discreteFunO.noConfusion
Perennial.Syntax.ofe.discrete_funO.sizeOf_spec	Perennial.Syntax.Ofe.discreteFunO.sizeOf_spec
Perennial.Syntax.ofe.laterO	Perennial.Syntax.Ofe.laterO
Perennial.Syntax.ofe.laterO.elim	Perennial.Syntax.Ofe.laterO.elim
Perennial.Syntax.ofe.laterO.sizeOf_spec	Perennial.Syntax.Ofe.laterO.sizeOf_spec
Perennial.Syntax.ofe.leibnizO	Perennial.Syntax.Ofe.leibnizO
Perennial.Syntax.ofe.leibnizO.elim	Perennial.Syntax.Ofe.leibnizO.elim
Perennial.Syntax.ofe.leibnizO.inj	Perennial.Syntax.Ofe.leibnizO.inj
Perennial.Syntax.ofe.leibnizO.injEq	Perennial.Syntax.Ofe.leibnizO.injEq
Perennial.Syntax.ofe.leibnizO.noConfusion	Perennial.Syntax.Ofe.leibnizO.noConfusion
Perennial.Syntax.ofe.leibnizO.sizeOf_spec	Perennial.Syntax.Ofe.leibnizO.sizeOf_spec
Perennial.Syntax.ofe.noConfusion	Perennial.Syntax.Ofe.noConfusion
Perennial.Syntax.ofe.noConfusionType	Perennial.Syntax.Ofe.noConfusionType
Perennial.Syntax.ofe.prodO	Perennial.Syntax.Ofe.prodO
Perennial.Syntax.ofe.prodO.elim	Perennial.Syntax.Ofe.prodO.elim
Perennial.Syntax.ofe.prodO.inj	Perennial.Syntax.Ofe.prodO.inj
Perennial.Syntax.ofe.prodO.injEq	Perennial.Syntax.Ofe.prodO.injEq
Perennial.Syntax.ofe.prodO.noConfusion	Perennial.Syntax.Ofe.prodO.noConfusion
Perennial.Syntax.ofe.prodO.sizeOf_spec	Perennial.Syntax.Ofe.prodO.sizeOf_spec
Perennial.Syntax.ofe.rec	Perennial.Syntax.Ofe.rec
Perennial.Syntax.ofe.recOn	Perennial.Syntax.Ofe.recOn
Perennial.Syntax.ofe.unitO	Perennial.Syntax.Ofe.unitO
Perennial.Syntax.ofe.unitO.elim	Perennial.Syntax.Ofe.unitO.elim
Perennial.Syntax.ofe.unitO.sizeOf_spec	Perennial.Syntax.Ofe.unitO.sizeOf_spec
Perennial.Syntax.ty	Perennial.Syntax.Ty
Perennial.Syntax.ty.El	Perennial.Syntax.Ty.El
Perennial.Syntax.ty.below	Perennial.Syntax.Ty.below
Perennial.Syntax.ty.bool	Perennial.Syntax.Ty.bool
Perennial.Syntax.ty.bool.elim	Perennial.Syntax.Ty.bool.elim
Perennial.Syntax.ty.bool.sizeOf_spec	Perennial.Syntax.Ty.bool.sizeOf_spec
Perennial.Syntax.ty.brecOn	Perennial.Syntax.Ty.brecOn
Perennial.Syntax.ty.brecOn.eq	Perennial.Syntax.Ty.brecOn.eq
Perennial.Syntax.ty.brecOn.go	Perennial.Syntax.Ty.brecOn.go
Perennial.Syntax.ty.casesOn	Perennial.Syntax.Ty.casesOn
Perennial.Syntax.ty.ctorElim	Perennial.Syntax.Ty.ctorElim
Perennial.Syntax.ty.ctorElimType	Perennial.Syntax.Ty.ctorElimType
Perennial.Syntax.ty.ctorIdx	Perennial.Syntax.Ty.ctorIdx
Perennial.Syntax.ty.decEq	Perennial.Syntax.Ty.decEq
Perennial.Syntax.ty.int	Perennial.Syntax.Ty.int
Perennial.Syntax.ty.int.elim	Perennial.Syntax.Ty.int.elim
Perennial.Syntax.ty.int.sizeOf_spec	Perennial.Syntax.Ty.int.sizeOf_spec
Perennial.Syntax.ty.list	Perennial.Syntax.Ty.list
Perennial.Syntax.ty.list.elim	Perennial.Syntax.Ty.list.elim
Perennial.Syntax.ty.list.inj	Perennial.Syntax.Ty.list.inj
Perennial.Syntax.ty.list.injEq	Perennial.Syntax.Ty.list.injEq
Perennial.Syntax.ty.list.noConfusion	Perennial.Syntax.Ty.list.noConfusion
Perennial.Syntax.ty.list.sizeOf_spec	Perennial.Syntax.Ty.list.sizeOf_spec
Perennial.Syntax.ty.nat	Perennial.Syntax.Ty.nat
Perennial.Syntax.ty.nat.elim	Perennial.Syntax.Ty.nat.elim
Perennial.Syntax.ty.nat.sizeOf_spec	Perennial.Syntax.Ty.nat.sizeOf_spec
Perennial.Syntax.ty.noConfusion	Perennial.Syntax.Ty.noConfusion
Perennial.Syntax.ty.noConfusionType	Perennial.Syntax.Ty.noConfusionType
Perennial.Syntax.ty.option	Perennial.Syntax.Ty.option
Perennial.Syntax.ty.option.elim	Perennial.Syntax.Ty.option.elim
Perennial.Syntax.ty.option.inj	Perennial.Syntax.Ty.option.inj
Perennial.Syntax.ty.option.injEq	Perennial.Syntax.Ty.option.injEq
Perennial.Syntax.ty.option.noConfusion	Perennial.Syntax.Ty.option.noConfusion
Perennial.Syntax.ty.option.sizeOf_spec	Perennial.Syntax.Ty.option.sizeOf_spec
Perennial.Syntax.ty.pos	Perennial.Syntax.Ty.pos
Perennial.Syntax.ty.pos.elim	Perennial.Syntax.Ty.pos.elim
Perennial.Syntax.ty.pos.sizeOf_spec	Perennial.Syntax.Ty.pos.sizeOf_spec
Perennial.Syntax.ty.prod	Perennial.Syntax.Ty.prod
Perennial.Syntax.ty.prod.elim	Perennial.Syntax.Ty.prod.elim
Perennial.Syntax.ty.prod.inj	Perennial.Syntax.Ty.prod.inj
Perennial.Syntax.ty.prod.injEq	Perennial.Syntax.Ty.prod.injEq
Perennial.Syntax.ty.prod.noConfusion	Perennial.Syntax.Ty.prod.noConfusion
Perennial.Syntax.ty.prod.sizeOf_spec	Perennial.Syntax.Ty.prod.sizeOf_spec
Perennial.Syntax.ty.rec	Perennial.Syntax.Ty.rec
Perennial.Syntax.ty.recOn	Perennial.Syntax.Ty.recOn
Perennial.Syntax.ty.sum	Perennial.Syntax.Ty.sum
Perennial.Syntax.ty.sum.elim	Perennial.Syntax.Ty.sum.elim
Perennial.Syntax.ty.sum.inj	Perennial.Syntax.Ty.sum.inj
Perennial.Syntax.ty.sum.injEq	Perennial.Syntax.Ty.sum.injEq
Perennial.Syntax.ty.sum.noConfusion	Perennial.Syntax.Ty.sum.noConfusion
Perennial.Syntax.ty.sum.sizeOf_spec	Perennial.Syntax.Ty.sum.sizeOf_spec
Perennial.Syntax.ty.unit	Perennial.Syntax.Ty.unit
Perennial.Syntax.ty.unit.elim	Perennial.Syntax.Ty.unit.elim
Perennial.Syntax.ty.unit.sizeOf_spec	Perennial.Syntax.Ty.unit.sizeOf_spec
Perennial.Syntax.ucmra	Perennial.Syntax.Ucmra
Perennial.Syntax.ucmra.below	Perennial.Syntax.Ucmra.below
Perennial.Syntax.ucmra.brecOn	Perennial.Syntax.Ucmra.brecOn
Perennial.Syntax.ucmra.brecOn.eq	Perennial.Syntax.Ucmra.brecOn.eq
Perennial.Syntax.ucmra.brecOn.go	Perennial.Syntax.Ucmra.brecOn.go
Perennial.Syntax.ucmra.casesOn	Perennial.Syntax.Ucmra.casesOn
Perennial.Syntax.ucmra.ctorElim	Perennial.Syntax.Ucmra.ctorElim
Perennial.Syntax.ucmra.ctorElimType	Perennial.Syntax.Ucmra.ctorElimType
Perennial.Syntax.ucmra.ctorIdx	Perennial.Syntax.Ucmra.ctorIdx
Perennial.Syntax.ucmra.gmapUR	Perennial.Syntax.Ucmra.gmapUR
Perennial.Syntax.ucmra.gmapUR.elim	Perennial.Syntax.Ucmra.gmapUR.elim
Perennial.Syntax.ucmra.gmapUR.inj	Perennial.Syntax.Ucmra.gmapUR.inj
Perennial.Syntax.ucmra.gmapUR.injEq	Perennial.Syntax.Ucmra.gmapUR.injEq
Perennial.Syntax.ucmra.gmapUR.noConfusion	Perennial.Syntax.Ucmra.gmapUR.noConfusion
Perennial.Syntax.ucmra.gmapUR.sizeOf_spec	Perennial.Syntax.Ucmra.gmapUR.sizeOf_spec
Perennial.Syntax.ucmra.max_natUR	Perennial.Syntax.Ucmra.maxNatUR
Perennial.Syntax.ucmra.max_natUR.elim	Perennial.Syntax.Ucmra.maxNatUR.elim
Perennial.Syntax.ucmra.max_natUR.sizeOf_spec	Perennial.Syntax.Ucmra.maxNatUR.sizeOf_spec
Perennial.Syntax.ucmra.natUR	Perennial.Syntax.Ucmra.natUR
Perennial.Syntax.ucmra.natUR.elim	Perennial.Syntax.Ucmra.natUR.elim
Perennial.Syntax.ucmra.natUR.sizeOf_spec	Perennial.Syntax.Ucmra.natUR.sizeOf_spec
Perennial.Syntax.ucmra.noConfusion	Perennial.Syntax.Ucmra.noConfusion
Perennial.Syntax.ucmra.noConfusionType	Perennial.Syntax.Ucmra.noConfusionType
Perennial.Syntax.ucmra.optionUR	Perennial.Syntax.Ucmra.optionUR
Perennial.Syntax.ucmra.optionUR.elim	Perennial.Syntax.Ucmra.optionUR.elim
Perennial.Syntax.ucmra.optionUR.inj	Perennial.Syntax.Ucmra.optionUR.inj
Perennial.Syntax.ucmra.optionUR.injEq	Perennial.Syntax.Ucmra.optionUR.injEq
Perennial.Syntax.ucmra.optionUR.noConfusion	Perennial.Syntax.Ucmra.optionUR.noConfusion
Perennial.Syntax.ucmra.optionUR.sizeOf_spec	Perennial.Syntax.Ucmra.optionUR.sizeOf_spec
Perennial.Syntax.ucmra.prodUR	Perennial.Syntax.Ucmra.prodUR
Perennial.Syntax.ucmra.prodUR.elim	Perennial.Syntax.Ucmra.prodUR.elim
Perennial.Syntax.ucmra.prodUR.inj	Perennial.Syntax.Ucmra.prodUR.inj
Perennial.Syntax.ucmra.prodUR.injEq	Perennial.Syntax.Ucmra.prodUR.injEq
Perennial.Syntax.ucmra.prodUR.noConfusion	Perennial.Syntax.Ucmra.prodUR.noConfusion
Perennial.Syntax.ucmra.prodUR.sizeOf_spec	Perennial.Syntax.Ucmra.prodUR.sizeOf_spec
Perennial.Syntax.ucmra.rec	Perennial.Syntax.Ucmra.rec
Perennial.Syntax.ucmra.recOn	Perennial.Syntax.Ucmra.recOn
Perennial.Syntax.ucmra.unitUR	Perennial.Syntax.Ucmra.unitUR
Perennial.Syntax.ucmra.unitUR.elim	Perennial.Syntax.Ucmra.unitUR.elim
Perennial.Syntax.ucmra.unitUR.sizeOf_spec	Perennial.Syntax.Ucmra.unitUR.sizeOf_spec
Perennial.TimeReceiptsTest.clock_inv	Perennial.TimeReceiptsTest.clockInv
Perennial.addr_base_of_plus	Perennial.addrBase_of_plus
Perennial.allG	Perennial.AllG
Perennial.allG.any_inG	Perennial.AllG.any_inG
Perennial.allG.casesOn	Perennial.AllG.casesOn
Perennial.allG.ctorIdx	Perennial.AllG.ctorIdx
Perennial.allG.mk	Perennial.AllG.mk
Perennial.allG.mk.noConfusion	Perennial.AllG.mk.noConfusion
Perennial.allG.noConfusion	Perennial.AllG.noConfusion
Perennial.allG.noConfusionType	Perennial.AllG.noConfusionType
Perennial.allG.rec	Perennial.AllG.rec
Perennial.allG.recOn	Perennial.AllG.recOn
Perennial.allG_of_slot	Perennial.allGOfSlot
Perennial.allURF	Perennial.AllURF
Perennial.aprop_holds	Perennial.apropHolds
Perennial.array_elems	Perennial.arrayElems
Perennial.array_elems_agree	Perennial.arrayElems_agree
Perennial.array_elems_app	Perennial.arrayElems_app
Perennial.array_elems_cons	Perennial.arrayElems_cons
Perennial.assume_mul_no_overflow	Perennial.assumeMulNoOverflow
Perennial.assume_sum_no_overflow	Perennial.assumeSumNoOverflow
Perennial.assume_sum_no_overflow_signed	Perennial.assumeSumNoOverflowSigned
Perennial.atomic_add_eval	Perennial.atomicAddEval
Perennial.auth_set_auth	Perennial.authSetAuth
Perennial.auth_set_auth_timeless	Perennial.authSetAuth_timeless
Perennial.auth_set_frag	Perennial.authSetFrag
Perennial.auth_set_frag_timeless	Perennial.authSetFrag_timeless
Perennial.bad_socket	Perennial.badSocket
Perennial.base_lit	Perennial.BaseLit
Perennial.base_lit.LitBool	Perennial.BaseLit.LitBool
Perennial.base_lit.LitBool.elim	Perennial.BaseLit.LitBool.elim
Perennial.base_lit.LitBool.inj	Perennial.BaseLit.LitBool.inj
Perennial.base_lit.LitBool.injEq	Perennial.BaseLit.LitBool.injEq
Perennial.base_lit.LitBool.noConfusion	Perennial.BaseLit.LitBool.noConfusion
Perennial.base_lit.LitBool.sizeOf_spec	Perennial.BaseLit.LitBool.sizeOf_spec
Perennial.base_lit.LitByte	Perennial.BaseLit.LitByte
Perennial.base_lit.LitByte.elim	Perennial.BaseLit.LitByte.elim
Perennial.base_lit.LitByte.inj	Perennial.BaseLit.LitByte.inj
Perennial.base_lit.LitByte.injEq	Perennial.BaseLit.LitByte.injEq
Perennial.base_lit.LitByte.noConfusion	Perennial.BaseLit.LitByte.noConfusion
Perennial.base_lit.LitByte.sizeOf_spec	Perennial.BaseLit.LitByte.sizeOf_spec
Perennial.base_lit.LitInt	Perennial.BaseLit.LitInt
Perennial.base_lit.LitInt.elim	Perennial.BaseLit.LitInt.elim
Perennial.base_lit.LitInt.inj	Perennial.BaseLit.LitInt.inj
Perennial.base_lit.LitInt.injEq	Perennial.BaseLit.LitInt.injEq
Perennial.base_lit.LitInt.noConfusion	Perennial.BaseLit.LitInt.noConfusion
Perennial.base_lit.LitInt.sizeOf_spec	Perennial.BaseLit.LitInt.sizeOf_spec
Perennial.base_lit.LitInt16	Perennial.BaseLit.LitInt16
Perennial.base_lit.LitInt16.elim	Perennial.BaseLit.LitInt16.elim
Perennial.base_lit.LitInt16.inj	Perennial.BaseLit.LitInt16.inj
Perennial.base_lit.LitInt16.injEq	Perennial.BaseLit.LitInt16.injEq
Perennial.base_lit.LitInt16.noConfusion	Perennial.BaseLit.LitInt16.noConfusion
Perennial.base_lit.LitInt16.sizeOf_spec	Perennial.BaseLit.LitInt16.sizeOf_spec
Perennial.base_lit.LitInt32	Perennial.BaseLit.LitInt32
Perennial.base_lit.LitInt32.elim	Perennial.BaseLit.LitInt32.elim
Perennial.base_lit.LitInt32.inj	Perennial.BaseLit.LitInt32.inj
Perennial.base_lit.LitInt32.injEq	Perennial.BaseLit.LitInt32.injEq
Perennial.base_lit.LitInt32.noConfusion	Perennial.BaseLit.LitInt32.noConfusion
Perennial.base_lit.LitInt32.sizeOf_spec	Perennial.BaseLit.LitInt32.sizeOf_spec
Perennial.base_lit.LitLoc	Perennial.BaseLit.LitLoc
Perennial.base_lit.LitLoc.elim	Perennial.BaseLit.LitLoc.elim
Perennial.base_lit.LitLoc.inj	Perennial.BaseLit.LitLoc.inj
Perennial.base_lit.LitLoc.injEq	Perennial.BaseLit.LitLoc.injEq
Perennial.base_lit.LitLoc.noConfusion	Perennial.BaseLit.LitLoc.noConfusion
Perennial.base_lit.LitLoc.sizeOf_spec	Perennial.BaseLit.LitLoc.sizeOf_spec
Perennial.base_lit.LitPoison	Perennial.BaseLit.LitPoison
Perennial.base_lit.LitPoison.elim	Perennial.BaseLit.LitPoison.elim
Perennial.base_lit.LitPoison.sizeOf_spec	Perennial.BaseLit.LitPoison.sizeOf_spec
Perennial.base_lit.LitProphecy	Perennial.BaseLit.LitProphecy
Perennial.base_lit.LitProphecy.elim	Perennial.BaseLit.LitProphecy.elim
Perennial.base_lit.LitProphecy.inj	Perennial.BaseLit.LitProphecy.inj
Perennial.base_lit.LitProphecy.injEq	Perennial.BaseLit.LitProphecy.injEq
Perennial.base_lit.LitProphecy.noConfusion	Perennial.BaseLit.LitProphecy.noConfusion
Perennial.base_lit.LitProphecy.sizeOf_spec	Perennial.BaseLit.LitProphecy.sizeOf_spec
Perennial.base_lit.LitSlice	Perennial.BaseLit.LitSlice
Perennial.base_lit.LitSlice.elim	Perennial.BaseLit.LitSlice.elim
Perennial.base_lit.LitSlice.inj	Perennial.BaseLit.LitSlice.inj
Perennial.base_lit.LitSlice.injEq	Perennial.BaseLit.LitSlice.injEq
Perennial.base_lit.LitSlice.noConfusion	Perennial.BaseLit.LitSlice.noConfusion
Perennial.base_lit.LitSlice.sizeOf_spec	Perennial.BaseLit.LitSlice.sizeOf_spec
Perennial.base_lit.LitString	Perennial.BaseLit.LitString
Perennial.base_lit.LitString.elim	Perennial.BaseLit.LitString.elim
Perennial.base_lit.LitString.inj	Perennial.BaseLit.LitString.inj
Perennial.base_lit.LitString.injEq	Perennial.BaseLit.LitString.injEq
Perennial.base_lit.LitString.noConfusion	Perennial.BaseLit.LitString.noConfusion
Perennial.base_lit.LitString.sizeOf_spec	Perennial.BaseLit.LitString.sizeOf_spec
Perennial.base_lit.LitUnit	Perennial.BaseLit.LitUnit
Perennial.base_lit.LitUnit.elim	Perennial.BaseLit.LitUnit.elim
Perennial.base_lit.LitUnit.sizeOf_spec	Perennial.BaseLit.LitUnit.sizeOf_spec
Perennial.base_lit.casesOn	Perennial.BaseLit.casesOn
Perennial.base_lit.countable	Perennial.BaseLit.countable
Perennial.base_lit.ctorElim	Perennial.BaseLit.ctorElim
Perennial.base_lit.ctorElimType	Perennial.BaseLit.ctorElimType
Perennial.base_lit.ctorIdx	Perennial.BaseLit.ctorIdx
Perennial.base_lit.noConfusion	Perennial.BaseLit.noConfusion
Perennial.base_lit.noConfusionType	Perennial.BaseLit.noConfusionType
Perennial.base_lit.ofTree	Perennial.BaseLit.ofTree
Perennial.base_lit.rec	Perennial.BaseLit.rec
Perennial.base_lit.recOn	Perennial.BaseLit.recOn
Perennial.base_lit.toTree	Perennial.BaseLit.toTree
Perennial.base_step	Perennial.BaseStep
Perennial.base_step.AllocS	Perennial.BaseStep.AllocS
Perennial.base_step.ArbitraryIntS	Perennial.BaseStep.ArbitraryIntS
Perennial.base_step.AtomicAddS	Perennial.BaseStep.AtomicAddS
Perennial.base_step.AtomicSwapS	Perennial.BaseStep.AtomicSwapS
Perennial.base_step.BetaS	Perennial.BaseStep.BetaS
Perennial.base_step.CmpXchgFailS	Perennial.BaseStep.CmpXchgFailS
Perennial.base_step.CmpXchgSucS	Perennial.BaseStep.CmpXchgSucS
Perennial.base_step.ExternalOpS	Perennial.BaseStep.ExternalOpS
Perennial.base_step.FinishReadS	Perennial.BaseStep.FinishReadS
Perennial.base_step.FinishStoreS	Perennial.BaseStep.FinishStoreS
Perennial.base_step.ForkS	Perennial.BaseStep.ForkS
Perennial.base_step.FstS	Perennial.BaseStep.FstS
Perennial.base_step.GoInstructionS	Perennial.BaseStep.GoInstructionS
Perennial.base_step.IfFalseS	Perennial.BaseStep.IfFalseS
Perennial.base_step.IfTrueS	Perennial.BaseStep.IfTrueS
Perennial.base_step.LiteralValueS	Perennial.BaseStep.LiteralValueS
Perennial.base_step.LoadS	Perennial.BaseStep.LoadS
Perennial.base_step.NewProphS	Perennial.BaseStep.NewProphS
Perennial.base_step.PairS	Perennial.BaseStep.PairS
Perennial.base_step.PrepareWriteS	Perennial.BaseStep.PrepareWriteS
Perennial.base_step.RecS	Perennial.BaseStep.RecS
Perennial.base_step.ResolveProphS	Perennial.BaseStep.ResolveProphS
Perennial.base_step.SelectStmtClausesS	Perennial.BaseStep.SelectStmtClausesS
Perennial.base_step.SndS	Perennial.BaseStep.SndS
Perennial.base_step.StartReadS	Perennial.BaseStep.StartReadS
Perennial.base_step.casesOn	Perennial.BaseStep.casesOn
Perennial.base_step.rec	Perennial.BaseStep.rec
Perennial.base_step.recOn	Perennial.BaseStep.recOn
Perennial.base_step_Alloc_inv	Perennial.baseStep_Alloc_inv
Perennial.base_step_ArbitraryInt_inv	Perennial.baseStep_ArbitraryInt_inv
Perennial.base_step_AtomicAdd_inv	Perennial.baseStep_AtomicAdd_inv
Perennial.base_step_AtomicSwap_inv	Perennial.baseStep_AtomicSwap_inv
Perennial.base_step_CmpXchg_inv	Perennial.baseStep_CmpXchg_inv
Perennial.base_step_FinishRead_inv	Perennial.baseStep_FinishRead_inv
Perennial.base_step_FinishStore_inv	Perennial.baseStep_FinishStore_inv
Perennial.base_step_Fork_inv	Perennial.baseStep_Fork_inv
Perennial.base_step_GoInstruction_inv	Perennial.baseStep_GoInstruction_inv
Perennial.base_step_If_inv	Perennial.baseStep_If_inv
Perennial.base_step_Load_inv	Perennial.baseStep_Load_inv
Perennial.base_step_NewProph_inv	Perennial.baseStep_NewProph_inv
Perennial.base_step_PrepareWrite_inv	Perennial.baseStep_PrepareWrite_inv
Perennial.base_step_ResolveProph_inv	Perennial.baseStep_ResolveProph_inv
Perennial.base_step_StartRead_inv	Perennial.baseStep_StartRead_inv
Perennial.bcfg_state	Perennial.BcfgState
Perennial.big_sepML	Perennial.bigSepML
Perennial.big_sepML_absorbing	Perennial.bigSepML_absorbing
Perennial.big_sepML_change_m	Perennial.bigSepML_change_m
Perennial.big_sepML_delete_cons	Perennial.bigSepML_delete_cons
Perennial.big_sepML_delete_m	Perennial.bigSepML_delete_m
Perennial.big_sepML_empty	Perennial.bigSepML_empty
Perennial.big_sepML_empty_l	Perennial.bigSepML_empty_l
Perennial.big_sepML_empty_m	Perennial.bigSepML_empty_m
Perennial.big_sepML_eq	Perennial.bigSepML_eq
Perennial.big_sepML_exists	Perennial.bigSepML_exists
Perennial.big_sepML_fmap	Perennial.bigSepML_fmap
Perennial.big_sepML_insert	Perennial.bigSepML_insert
Perennial.big_sepML_insert_app	Perennial.bigSepML_insert_app
Perennial.big_sepML_lookup_l_Some	Perennial.bigSepML_lookup_l_Some
Perennial.big_sepML_lookup_l_acc	Perennial.bigSepML_lookup_l_acc
Perennial.big_sepML_lookup_l_app_acc	Perennial.bigSepML_lookup_l_app_acc
Perennial.big_sepML_lookup_m_Some	Perennial.bigSepML_lookup_m_Some
Perennial.big_sepML_lookup_m_acc	Perennial.bigSepML_lookup_m_acc
Perennial.big_sepML_map_val_exists	Perennial.bigSepML_map_val_exists
Perennial.big_sepML_map_val_exists_helper	Perennial.bigSepML_map_val_exists_helper
Perennial.big_sepML_mono	Perennial.bigSepML_mono
Perennial.big_sepML_nodup	Perennial.bigSepML_nodup
Perennial.big_sepML_persistent	Perennial.bigSepML_persistent
Perennial.big_sepML_proper	Perennial.bigSepML_proper
Perennial.big_sepML_sep	Perennial.bigSepML_sep
Perennial.big_sepML_sepL	Perennial.bigSepML_sepL
Perennial.big_sepML_sepL_combine	Perennial.bigSepML_sepL_combine
Perennial.big_sepML_sepL_exists	Perennial.bigSepML_sepL_exists
Perennial.big_sepML_sepL_split	Perennial.bigSepML_sepL_split
Perennial.big_sepML_sepM	Perennial.bigSepML_sepM
Perennial.big_sepML_sepM_ex	Perennial.bigSepML_sepM_ex
Perennial.bits_to_byte	Perennial.bitsToByte
Perennial.bits_to_byte_inj	Perennial.bitsToByte_inj
Perennial.bits_to_byte_to_bits	Perennial.bitsToByte_to_bits
Perennial.block_bytes	Perennial.blockBytes
Perennial.block_bytes_eq	Perennial.blockBytes_eq
Perennial.block_in_heap	Perennial.BlockInHeap
Perennial.block_in_heap_inj	Perennial.blockInHeap_inj
Perennial.bounded_base_step	Perennial.BoundedBaseStep
Perennial.bounded_base_step.casesOn	Perennial.BoundedBaseStep.casesOn
Perennial.bounded_base_step.real	Perennial.BoundedBaseStep.real
Perennial.bounded_base_step.rec	Perennial.BoundedBaseStep.rec
Perennial.bounded_base_step.recOn	Perennial.BoundedBaseStep.recOn
Perennial.bounded_base_step.step	Perennial.BoundedBaseStep.step
Perennial.bounded_base_step.stutter	Perennial.BoundedBaseStep.stutter
Perennial.bounded_base_step.tick	Perennial.BoundedBaseStep.tick
Perennial.bounded_base_step_uncounted	Perennial.boundedBaseStep_uncounted
Perennial.break_val	Perennial.breakVal
Perennial.break_val_def	Perennial.breakValDef
Perennial.break_val_unseal	Perennial.breakVal_unseal
Perennial.broadcast_internal_names	Perennial.BroadcastInternalNames
Perennial.broadcast_internal_names.casesOn	Perennial.BroadcastInternalNames.casesOn
Perennial.broadcast_internal_names.ctorIdx	Perennial.BroadcastInternalNames.ctorIdx
Perennial.broadcast_internal_names.done_gn	Perennial.BroadcastInternalNames.doneGn
Perennial.broadcast_internal_names.mk	Perennial.BroadcastInternalNames.mk
Perennial.broadcast_internal_names.mk.inj	Perennial.BroadcastInternalNames.mk.inj
Perennial.broadcast_internal_names.mk.injEq	Perennial.BroadcastInternalNames.mk.injEq
Perennial.broadcast_internal_names.mk.noConfusion	Perennial.BroadcastInternalNames.mk.noConfusion
Perennial.broadcast_internal_names.mk.sizeOf_spec	Perennial.BroadcastInternalNames.mk.sizeOf_spec
Perennial.broadcast_internal_names.noConfusion	Perennial.BroadcastInternalNames.noConfusion
Perennial.broadcast_internal_names.noConfusionType	Perennial.BroadcastInternalNames.noConfusionType
Perennial.broadcast_internal_names.rec	Perennial.BroadcastInternalNames.rec
Perennial.broadcast_internal_names.recOn	Perennial.BroadcastInternalNames.recOn
Perennial.broadcast_inv	Perennial.broadcastInv
Perennial.buffered_send_au	Perennial.bufferedSendAu
Perennial.byte	Perennial.Byte
Perennial.byte_to_bits	Perennial.byteToBits
Perennial.byte_to_bits_inj	Perennial.byteToBits_inj
Perennial.byte_to_bits_to_byte	Perennial.byteToBits_to_byte
Perennial.bytes.get_is_pkg_init_wf_inst	Perennial.bytes.get_isPkgInit_wf_inst
Perennial.bytes.is_pkg_init_inst	Perennial.bytes.isPkgInit_inst
Perennial.bytes_to_bits	Perennial.bytesToBits
Perennial.bytes_to_bits_app	Perennial.bytesToBits_app
Perennial.bytes_to_bits_inj	Perennial.bytesToBits_inj
Perennial.cfg_state	Perennial.CfgState
Perennial.chan.blocking_clause_pre	Perennial.chan.blockingClausePre
Perennial.chan.blocking_clause_pre.congr_simp	Perennial.chan.blockingClausePre.congr_simp
Perennial.chan.nonblocking_alt_clause_pre	Perennial.chan.nonblockingAltClausePre
Perennial.chan.nonblocking_alt_clause_pre.congr_simp	Perennial.chan.nonblockingAltClausePre.congr_simp
Perennial.chan.nonblocking_clause_pre	Perennial.chan.nonblockingClausePre
Perennial.chan.nonblocking_clause_pre.congr_simp	Perennial.chan.nonblockingClausePre.congr_simp
Perennial.chan.try_comm_clause	Perennial.chan.tryCommClause
Perennial.chan.try_select	Perennial.chan.trySelect
Perennial.chan.wp_try_comm_clause_blocking	Perennial.chan.wp_tryCommClause_blocking
Perennial.chan.wp_try_comm_clause_nonblocking	Perennial.chan.wp_tryCommClause_nonblocking
Perennial.chan.wp_try_select_blocking	Perennial.chan.wp_trySelect_blocking
Perennial.chan.wp_try_select_case_nonblocking_alt	Perennial.chan.wp_trySelect_case_nonblocking_alt
Perennial.chan.wp_try_select_nonblocking	Perennial.chan.wp_trySelect_nonblocking
Perennial.chan.wp_try_select_nonblocking_alt	Perennial.chan.wp_trySelect_nonblocking_alt
Perennial.chan_bag_inv	Perennial.chanBagInv
Perennial.chan_cap_valid	Perennial.ChanCapValid
Perennial.chan_inv_inner	Perennial.chanInvInner
Perennial.chan_inv_inner.congr_simp	Perennial.chanInvInner.congr_simp
Perennial.chan_inv_inner_intro	Perennial.chanInvInner_intro
Perennial.chan_logical	Perennial.chanLogical
Perennial.chan_meta	Perennial.chanMeta
Perennial.chan_meta_token	Perennial.chanMetaToken
Perennial.chan_names	Perennial.ChanNames
Perennial.chan_names.casesOn	Perennial.ChanNames.casesOn
Perennial.chan_names.chan_cap	Perennial.ChanNames.chanCap
Perennial.chan_names.ctorIdx	Perennial.ChanNames.ctorIdx
Perennial.chan_names.mk	Perennial.ChanNames.mk
Perennial.chan_names.mk.inj	Perennial.ChanNames.mk.inj
Perennial.chan_names.mk.injEq	Perennial.ChanNames.mk.injEq
Perennial.chan_names.mk.noConfusion	Perennial.ChanNames.mk.noConfusion
Perennial.chan_names.mk.sizeOf_spec	Perennial.ChanNames.mk.sizeOf_spec
Perennial.chan_names.noConfusion	Perennial.ChanNames.noConfusion
Perennial.chan_names.noConfusionType	Perennial.ChanNames.noConfusionType
Perennial.chan_names.offer_continuation_name	Perennial.ChanNames.offerContinuationName
Perennial.chan_names.offer_lock_name	Perennial.ChanNames.offerLockName
Perennial.chan_names.offer_parked_pred_name	Perennial.ChanNames.offerParkedPredName
Perennial.chan_names.offer_parked_prop_name	Perennial.ChanNames.offerParkedPropName
Perennial.chan_names.rec	Perennial.ChanNames.rec
Perennial.chan_names.recOn	Perennial.ChanNames.recOn
Perennial.chan_names.state_name	Perennial.ChanNames.stateName
Perennial.chan_phys	Perennial.chanPhys
Perennial.chan_phys.congr_simp	Perennial.chanPhys.congr_simp
Perennial.chan_phys_state	Perennial.ChanPhysState
Perennial.chan_phys_state.Buffered	Perennial.ChanPhysState.Buffered
Perennial.chan_phys_state.Buffered.elim	Perennial.ChanPhysState.Buffered.elim
Perennial.chan_phys_state.Buffered.inj	Perennial.ChanPhysState.Buffered.inj
Perennial.chan_phys_state.Buffered.injEq	Perennial.ChanPhysState.Buffered.injEq
Perennial.chan_phys_state.Buffered.noConfusion	Perennial.ChanPhysState.Buffered.noConfusion
Perennial.chan_phys_state.Buffered.sizeOf_spec	Perennial.ChanPhysState.Buffered.sizeOf_spec
Perennial.chan_phys_state.Closed	Perennial.ChanPhysState.Closed
Perennial.chan_phys_state.Closed.elim	Perennial.ChanPhysState.Closed.elim
Perennial.chan_phys_state.Closed.inj	Perennial.ChanPhysState.Closed.inj
Perennial.chan_phys_state.Closed.injEq	Perennial.ChanPhysState.Closed.injEq
Perennial.chan_phys_state.Closed.noConfusion	Perennial.ChanPhysState.Closed.noConfusion
Perennial.chan_phys_state.Closed.sizeOf_spec	Perennial.ChanPhysState.Closed.sizeOf_spec
Perennial.chan_phys_state.Idle	Perennial.ChanPhysState.Idle
Perennial.chan_phys_state.Idle.elim	Perennial.ChanPhysState.Idle.elim
Perennial.chan_phys_state.Idle.sizeOf_spec	Perennial.ChanPhysState.Idle.sizeOf_spec
Perennial.chan_phys_state.RcvDone	Perennial.ChanPhysState.RcvDone
Perennial.chan_phys_state.RcvDone.elim	Perennial.ChanPhysState.RcvDone.elim
Perennial.chan_phys_state.RcvDone.sizeOf_spec	Perennial.ChanPhysState.RcvDone.sizeOf_spec
Perennial.chan_phys_state.RcvWait	Perennial.ChanPhysState.RcvWait
Perennial.chan_phys_state.RcvWait.elim	Perennial.ChanPhysState.RcvWait.elim
Perennial.chan_phys_state.RcvWait.sizeOf_spec	Perennial.ChanPhysState.RcvWait.sizeOf_spec
Perennial.chan_phys_state.SndDone	Perennial.ChanPhysState.SndDone
Perennial.chan_phys_state.SndDone.elim	Perennial.ChanPhysState.SndDone.elim
Perennial.chan_phys_state.SndDone.inj	Perennial.ChanPhysState.SndDone.inj
Perennial.chan_phys_state.SndDone.injEq	Perennial.ChanPhysState.SndDone.injEq
Perennial.chan_phys_state.SndDone.noConfusion	Perennial.ChanPhysState.SndDone.noConfusion
Perennial.chan_phys_state.SndDone.sizeOf_spec	Perennial.ChanPhysState.SndDone.sizeOf_spec
Perennial.chan_phys_state.SndWait	Perennial.ChanPhysState.SndWait
Perennial.chan_phys_state.SndWait.elim	Perennial.ChanPhysState.SndWait.elim
Perennial.chan_phys_state.SndWait.inj	Perennial.ChanPhysState.SndWait.inj
Perennial.chan_phys_state.SndWait.injEq	Perennial.ChanPhysState.SndWait.injEq
Perennial.chan_phys_state.SndWait.noConfusion	Perennial.ChanPhysState.SndWait.noConfusion
Perennial.chan_phys_state.SndWait.sizeOf_spec	Perennial.ChanPhysState.SndWait.sizeOf_spec
Perennial.chan_phys_state.casesOn	Perennial.ChanPhysState.casesOn
Perennial.chan_phys_state.ctorElim	Perennial.ChanPhysState.ctorElim
Perennial.chan_phys_state.ctorElimType	Perennial.ChanPhysState.ctorElimType
Perennial.chan_phys_state.ctorIdx	Perennial.ChanPhysState.ctorIdx
Perennial.chan_phys_state.noConfusion	Perennial.ChanPhysState.noConfusion
Perennial.chan_phys_state.noConfusionType	Perennial.ChanPhysState.noConfusionType
Perennial.chan_phys_state.rec	Perennial.ChanPhysState.rec
Perennial.chan_phys_state.recOn	Perennial.ChanPhysState.recOn
Perennial.chan_pointsto	Perennial.chanPointsto
Perennial.chan_pointsto_timeless	Perennial.chanPointsto_timeless
Perennial.clauses_toTree	Perennial.clausesToTree
Perennial.clauses_toTree_inj	Perennial.clausesToTree_inj
Perennial.close_au	Perennial.closeAu
Perennial.close_au_wand	Perennial.closeAu_wand
Perennial.cmp.get_is_pkg_init_wf_inst	Perennial.cmp.get_isPkgInit_wf_inst
Perennial.cmp.is_pkg_init_inst	Perennial.cmp.isPkgInit_inst
Perennial.connection_socket	Perennial.connectionSocket
Perennial.context.Context_closed	Perennial.context.ContextClosed
Perennial.context.Context_closed_pers	Perennial.context.contextClosed_pers
Perennial.context.Context_names	Perennial.context.ContextNames
Perennial.context.Context_names.casesOn	Perennial.context.ContextNames.casesOn
Perennial.context.Context_names.closed_gn	Perennial.context.ContextNames.closedGn
Perennial.context.Context_names.ctorIdx	Perennial.context.ContextNames.ctorIdx
Perennial.context.Context_names.done_gn	Perennial.context.ContextNames.doneGn
Perennial.context.Context_names.mk	Perennial.context.ContextNames.mk
Perennial.context.Context_names.mk.inj	Perennial.context.ContextNames.mk.inj
Perennial.context.Context_names.mk.injEq	Perennial.context.ContextNames.mk.injEq
Perennial.context.Context_names.mk.noConfusion	Perennial.context.ContextNames.mk.noConfusion
Perennial.context.Context_names.mk.sizeOf_spec	Perennial.context.ContextNames.mk.sizeOf_spec
Perennial.context.Context_names.noConfusion	Perennial.context.ContextNames.noConfusion
Perennial.context.Context_names.noConfusionType	Perennial.context.ContextNames.noConfusionType
Perennial.context.Context_names.rec	Perennial.context.ContextNames.rec
Perennial.context.Context_names.recOn	Perennial.context.ContextNames.recOn
Perennial.context.cancelCtxKey_any	Perennial.context.cancelCtxKeyAny
Perennial.context.cancelCtx_lock_inv	Perennial.context.cancelCtxLockInv
Perennial.context.get_is_pkg_init_wf_inst	Perennial.context.get_isPkgInit_wf_inst
Perennial.context.is_Context	Perennial.context.isContext
Perennial.context.is_Context_Done	Perennial.context.isContextDone
Perennial.context.is_Context_Done_agree	Perennial.context.isContextDone_agree
Perennial.context.is_Context_Done_def	Perennial.context.isContextDoneDef
Perennial.context.is_Context_Done_is_chan	Perennial.context.isContextDone_is_chan
Perennial.context.is_Context_Done_nonblocking_receive	Perennial.context.isContextDone_nonblocking_receive
Perennial.context.is_Context_Done_pers	Perennial.context.isContextDone_pers
Perennial.context.is_Context_Done_receive	Perennial.context.isContextDone_receive
Perennial.context.is_Context_Done_unseal	Perennial.context.isContextDone_unseal
Perennial.context.is_Context_Done_weaken	Perennial.context.isContextDone_weaken
Perennial.context.is_Context_def	Perennial.context.isContextDef
Perennial.context.is_Context_pers	Perennial.context.isContext_pers
Perennial.context.is_Context_weaken	Perennial.context.isContext_weaken
Perennial.context.is_cancelCtx	Perennial.context.isCancelCtx
Perennial.context.is_cancelCtx_any	Perennial.context.isCancelCtxAny
Perennial.context.is_cancelCtx_any_pers	Perennial.context.isCancelCtxAny_pers
Perennial.context.is_cancelCtx_pers	Perennial.context.isCancelCtx_pers
Perennial.context.is_init	Perennial.context.isInit
Perennial.context.is_init_access	Perennial.context.isInit_access
Perennial.context.is_pkg_init_inst	Perennial.context.isPkgInit_inst
Perennial.continue_val	Perennial.continueVal
Perennial.continue_val_def	Perennial.continueValDef
Perennial.continue_val_unseal	Perennial.continueVal_unseal
Perennial.contribT	Perennial.ContribT
Perennial.contrib_cl	Perennial.contribCl
Perennial.contrib_cl_inc	Perennial.contribCl_inc
Perennial.contrib_cl_op	Perennial.contribCl_op
Perennial.contrib_cl_op_eq	Perennial.contribCl_op_eq
Perennial.contrib_cl_valid	Perennial.contribCl_valid
Perennial.contrib_cr	Perennial.contribCr
Perennial.crypto.ed25519.get_is_pkg_init_wf_inst	Perennial.crypto.ed25519.get_isPkgInit_wf_inst
Perennial.crypto.ed25519.is_pkg_init_inst	Perennial.crypto.ed25519.isPkgInit_inst
Perennial.dghost_var	Perennial.dghostVar
Perennial.dghost_var_agree	Perennial.dghostVar_agree
Perennial.dghost_var_alloc	Perennial.dghostVar_alloc
Perennial.dghost_var_alloc_strong	Perennial.dghostVar_alloc_strong
Perennial.dghost_var_as_dfractional	Perennial.dghostVar_as_dfractional
Perennial.dghost_var_as_fractional	Perennial.dghostVar_as_fractional
Perennial.dghost_var_combine_as	Perennial.dghostVar_combine_as
Perennial.dghost_var_combine_gives	Perennial.dghostVar_combine_gives
Perennial.dghost_var_dfractional	Perennial.dghostVar_dfractional
Perennial.dghost_var_fractional	Perennial.dghostVar_fractional
Perennial.dghost_var_halves	Perennial.dghostVar_halves
Perennial.dghost_var_persist	Perennial.dghostVar_persist
Perennial.dghost_var_persistent	Perennial.dghostVar_persistent
Perennial.dghost_var_split	Perennial.dghostVar_split
Perennial.dghost_var_three_halves	Perennial.dghostVar_three_halves
Perennial.dghost_var_timeless	Perennial.dghostVar_timeless
Perennial.dghost_var_unseal	Perennial.dghostVar_unseal
Perennial.dghost_var_update	Perennial.dghostVar_update
Perennial.dghost_var_update_2	Perennial.dghostVar_update_2
Perennial.dghost_var_update_halves	Perennial.dghostVar_update_halves
Perennial.dghost_var_valid_2	Perennial.dghostVar_valid_2
Perennial.diskGS	Perennial.DiskGS
Perennial.diskGS.casesOn	Perennial.DiskGS.casesOn
Perennial.diskGS.ctorIdx	Perennial.DiskGS.ctorIdx
Perennial.diskGS.diskG_gen_heapG	Perennial.DiskGS.diskGGenHeapG
Perennial.diskGS.mk	Perennial.DiskGS.mk
Perennial.diskGS.mk.noConfusion	Perennial.DiskGS.mk.noConfusion
Perennial.diskGS.noConfusion	Perennial.DiskGS.noConfusion
Perennial.diskGS.noConfusionType	Perennial.DiskGS.noConfusionType
Perennial.diskGS.rec	Perennial.DiskGS.rec
Perennial.diskGS.recOn	Perennial.DiskGS.recOn
Perennial.disk_array	Perennial.diskArray
Perennial.disk_array_acc	Perennial.diskArray_acc
Perennial.disk_array_acc_read	Perennial.diskArray_acc_read
Perennial.disk_array_app	Perennial.diskArray_app
Perennial.disk_array_cons	Perennial.diskArray_cons
Perennial.disk_array_emp	Perennial.diskArray_emp
Perennial.disk_array_init_disk	Perennial.diskArray_init_disk
Perennial.disk_array_split	Perennial.diskArray_split
Perennial.disk_ffi_step	Perennial.DiskFfiStep
Perennial.disk_ffi_step.ReadS	Perennial.DiskFfiStep.ReadS
Perennial.disk_ffi_step.SizeS	Perennial.DiskFfiStep.SizeS
Perennial.disk_ffi_step.WriteS	Perennial.DiskFfiStep.WriteS
Perennial.disk_ffi_step.casesOn	Perennial.DiskFfiStep.casesOn
Perennial.disk_ffi_step.rec	Perennial.DiskFfiStep.rec
Perennial.disk_ffi_step.recOn	Perennial.DiskFfiStep.recOn
Perennial.disk_ffi_step_ReadOp_inv	Perennial.diskFfiStep_ReadOp_inv
Perennial.disk_ffi_step_WriteOp_inv	Perennial.diskFfiStep_WriteOp_inv
Perennial.disk_pointsto	Perennial.diskPointsto
Perennial.disk_pointsto_timeless	Perennial.diskPointsto_timeless
Perennial.disk_preG	Perennial.DiskPreG
Perennial.disk_preG.casesOn	Perennial.DiskPreG.casesOn
Perennial.disk_preG.ctorIdx	Perennial.DiskPreG.ctorIdx
Perennial.disk_preG.disk_preG_gen_heapG	Perennial.DiskPreG.diskPreGGenHeapG
Perennial.disk_preG.mk	Perennial.DiskPreG.mk
Perennial.disk_preG.mk.noConfusion	Perennial.DiskPreG.mk.noConfusion
Perennial.disk_preG.noConfusion	Perennial.DiskPreG.noConfusion
Perennial.disk_preG.noConfusionType	Perennial.DiskPreG.noConfusionType
Perennial.disk_preG.rec	Perennial.DiskPreG.rec
Perennial.disk_preG.recOn	Perennial.DiskPreG.recOn
Perennial.disk_size	Perennial.diskSize
Perennial.disk_state	Perennial.DiskState
Perennial.disk_world	Perennial.diskWorld
Perennial.do_break_def	Perennial.doBreakDef
Perennial.do_continue_def	Perennial.doContinueDef
Perennial.do_execute_def	Perennial.doExecuteDef
Perennial.do_for_def	Perennial.doForDef
Perennial.do_return_def	Perennial.doReturnDef
Perennial.ectx_item	Perennial.EctxItem
Perennial.ectx_item.AppLCtx	Perennial.EctxItem.AppLCtx
Perennial.ectx_item.AppLCtx.elim	Perennial.EctxItem.AppLCtx.elim
Perennial.ectx_item.AppLCtx.inj	Perennial.EctxItem.AppLCtx.inj
Perennial.ectx_item.AppLCtx.injEq	Perennial.EctxItem.AppLCtx.injEq
Perennial.ectx_item.AppLCtx.noConfusion	Perennial.EctxItem.AppLCtx.noConfusion
Perennial.ectx_item.AppLCtx.sizeOf_spec	Perennial.EctxItem.AppLCtx.sizeOf_spec
Perennial.ectx_item.AppRCtx	Perennial.EctxItem.AppRCtx
Perennial.ectx_item.AppRCtx.elim	Perennial.EctxItem.AppRCtx.elim
Perennial.ectx_item.AppRCtx.inj	Perennial.EctxItem.AppRCtx.inj
Perennial.ectx_item.AppRCtx.injEq	Perennial.EctxItem.AppRCtx.injEq
Perennial.ectx_item.AppRCtx.noConfusion	Perennial.EctxItem.AppRCtx.noConfusion
Perennial.ectx_item.AppRCtx.sizeOf_spec	Perennial.EctxItem.AppRCtx.sizeOf_spec
Perennial.ectx_item.CmpXchgLCtx	Perennial.EctxItem.CmpXchgLCtx
Perennial.ectx_item.CmpXchgLCtx.elim	Perennial.EctxItem.CmpXchgLCtx.elim
Perennial.ectx_item.CmpXchgLCtx.inj	Perennial.EctxItem.CmpXchgLCtx.inj
Perennial.ectx_item.CmpXchgLCtx.injEq	Perennial.EctxItem.CmpXchgLCtx.injEq
Perennial.ectx_item.CmpXchgLCtx.noConfusion	Perennial.EctxItem.CmpXchgLCtx.noConfusion
Perennial.ectx_item.CmpXchgLCtx.sizeOf_spec	Perennial.EctxItem.CmpXchgLCtx.sizeOf_spec
Perennial.ectx_item.CmpXchgMCtx	Perennial.EctxItem.CmpXchgMCtx
Perennial.ectx_item.CmpXchgMCtx.elim	Perennial.EctxItem.CmpXchgMCtx.elim
Perennial.ectx_item.CmpXchgMCtx.inj	Perennial.EctxItem.CmpXchgMCtx.inj
Perennial.ectx_item.CmpXchgMCtx.injEq	Perennial.EctxItem.CmpXchgMCtx.injEq
Perennial.ectx_item.CmpXchgMCtx.noConfusion	Perennial.EctxItem.CmpXchgMCtx.noConfusion
Perennial.ectx_item.CmpXchgMCtx.sizeOf_spec	Perennial.EctxItem.CmpXchgMCtx.sizeOf_spec
Perennial.ectx_item.CmpXchgRCtx	Perennial.EctxItem.CmpXchgRCtx
Perennial.ectx_item.CmpXchgRCtx.elim	Perennial.EctxItem.CmpXchgRCtx.elim
Perennial.ectx_item.CmpXchgRCtx.inj	Perennial.EctxItem.CmpXchgRCtx.inj
Perennial.ectx_item.CmpXchgRCtx.injEq	Perennial.EctxItem.CmpXchgRCtx.injEq
Perennial.ectx_item.CmpXchgRCtx.noConfusion	Perennial.EctxItem.CmpXchgRCtx.noConfusion
Perennial.ectx_item.CmpXchgRCtx.sizeOf_spec	Perennial.EctxItem.CmpXchgRCtx.sizeOf_spec
Perennial.ectx_item.ExternalOpCtx	Perennial.EctxItem.ExternalOpCtx
Perennial.ectx_item.ExternalOpCtx.elim	Perennial.EctxItem.ExternalOpCtx.elim
Perennial.ectx_item.ExternalOpCtx.inj	Perennial.EctxItem.ExternalOpCtx.inj
Perennial.ectx_item.ExternalOpCtx.injEq	Perennial.EctxItem.ExternalOpCtx.injEq
Perennial.ectx_item.ExternalOpCtx.noConfusion	Perennial.EctxItem.ExternalOpCtx.noConfusion
Perennial.ectx_item.ExternalOpCtx.sizeOf_spec	Perennial.EctxItem.ExternalOpCtx.sizeOf_spec
Perennial.ectx_item.FstCtx	Perennial.EctxItem.FstCtx
Perennial.ectx_item.FstCtx.elim	Perennial.EctxItem.FstCtx.elim
Perennial.ectx_item.FstCtx.sizeOf_spec	Perennial.EctxItem.FstCtx.sizeOf_spec
Perennial.ectx_item.IfCtx	Perennial.EctxItem.IfCtx
Perennial.ectx_item.IfCtx.elim	Perennial.EctxItem.IfCtx.elim
Perennial.ectx_item.IfCtx.inj	Perennial.EctxItem.IfCtx.inj
Perennial.ectx_item.IfCtx.injEq	Perennial.EctxItem.IfCtx.injEq
Perennial.ectx_item.IfCtx.noConfusion	Perennial.EctxItem.IfCtx.noConfusion
Perennial.ectx_item.IfCtx.sizeOf_spec	Perennial.EctxItem.IfCtx.sizeOf_spec
Perennial.ectx_item.PairLCtx	Perennial.EctxItem.PairLCtx
Perennial.ectx_item.PairLCtx.elim	Perennial.EctxItem.PairLCtx.elim
Perennial.ectx_item.PairLCtx.inj	Perennial.EctxItem.PairLCtx.inj
Perennial.ectx_item.PairLCtx.injEq	Perennial.EctxItem.PairLCtx.injEq
Perennial.ectx_item.PairLCtx.noConfusion	Perennial.EctxItem.PairLCtx.noConfusion
Perennial.ectx_item.PairLCtx.sizeOf_spec	Perennial.EctxItem.PairLCtx.sizeOf_spec
Perennial.ectx_item.PairRCtx	Perennial.EctxItem.PairRCtx
Perennial.ectx_item.PairRCtx.elim	Perennial.EctxItem.PairRCtx.elim
Perennial.ectx_item.PairRCtx.inj	Perennial.EctxItem.PairRCtx.inj
Perennial.ectx_item.PairRCtx.injEq	Perennial.EctxItem.PairRCtx.injEq
Perennial.ectx_item.PairRCtx.noConfusion	Perennial.EctxItem.PairRCtx.noConfusion
Perennial.ectx_item.PairRCtx.sizeOf_spec	Perennial.EctxItem.PairRCtx.sizeOf_spec
Perennial.ectx_item.Primitive1Ctx	Perennial.EctxItem.Primitive1Ctx
Perennial.ectx_item.Primitive1Ctx.elim	Perennial.EctxItem.Primitive1Ctx.elim
Perennial.ectx_item.Primitive1Ctx.inj	Perennial.EctxItem.Primitive1Ctx.inj
Perennial.ectx_item.Primitive1Ctx.injEq	Perennial.EctxItem.Primitive1Ctx.injEq
Perennial.ectx_item.Primitive1Ctx.noConfusion	Perennial.EctxItem.Primitive1Ctx.noConfusion
Perennial.ectx_item.Primitive1Ctx.sizeOf_spec	Perennial.EctxItem.Primitive1Ctx.sizeOf_spec
Perennial.ectx_item.Primitive2LCtx	Perennial.EctxItem.Primitive2LCtx
Perennial.ectx_item.Primitive2LCtx.elim	Perennial.EctxItem.Primitive2LCtx.elim
Perennial.ectx_item.Primitive2LCtx.inj	Perennial.EctxItem.Primitive2LCtx.inj
Perennial.ectx_item.Primitive2LCtx.injEq	Perennial.EctxItem.Primitive2LCtx.injEq
Perennial.ectx_item.Primitive2LCtx.noConfusion	Perennial.EctxItem.Primitive2LCtx.noConfusion
Perennial.ectx_item.Primitive2LCtx.sizeOf_spec	Perennial.EctxItem.Primitive2LCtx.sizeOf_spec
Perennial.ectx_item.Primitive2RCtx	Perennial.EctxItem.Primitive2RCtx
Perennial.ectx_item.Primitive2RCtx.elim	Perennial.EctxItem.Primitive2RCtx.elim
Perennial.ectx_item.Primitive2RCtx.inj	Perennial.EctxItem.Primitive2RCtx.inj
Perennial.ectx_item.Primitive2RCtx.injEq	Perennial.EctxItem.Primitive2RCtx.injEq
Perennial.ectx_item.Primitive2RCtx.noConfusion	Perennial.EctxItem.Primitive2RCtx.noConfusion
Perennial.ectx_item.Primitive2RCtx.sizeOf_spec	Perennial.EctxItem.Primitive2RCtx.sizeOf_spec
Perennial.ectx_item.ResolveProphLCtx	Perennial.EctxItem.ResolveProphLCtx
Perennial.ectx_item.ResolveProphLCtx.elim	Perennial.EctxItem.ResolveProphLCtx.elim
Perennial.ectx_item.ResolveProphLCtx.inj	Perennial.EctxItem.ResolveProphLCtx.inj
Perennial.ectx_item.ResolveProphLCtx.injEq	Perennial.EctxItem.ResolveProphLCtx.injEq
Perennial.ectx_item.ResolveProphLCtx.noConfusion	Perennial.EctxItem.ResolveProphLCtx.noConfusion
Perennial.ectx_item.ResolveProphLCtx.sizeOf_spec	Perennial.EctxItem.ResolveProphLCtx.sizeOf_spec
Perennial.ectx_item.ResolveProphRCtx	Perennial.EctxItem.ResolveProphRCtx
Perennial.ectx_item.ResolveProphRCtx.elim	Perennial.EctxItem.ResolveProphRCtx.elim
Perennial.ectx_item.ResolveProphRCtx.inj	Perennial.EctxItem.ResolveProphRCtx.inj
Perennial.ectx_item.ResolveProphRCtx.injEq	Perennial.EctxItem.ResolveProphRCtx.injEq
Perennial.ectx_item.ResolveProphRCtx.noConfusion	Perennial.EctxItem.ResolveProphRCtx.noConfusion
Perennial.ectx_item.ResolveProphRCtx.sizeOf_spec	Perennial.EctxItem.ResolveProphRCtx.sizeOf_spec
Perennial.ectx_item.SndCtx	Perennial.EctxItem.SndCtx
Perennial.ectx_item.SndCtx.elim	Perennial.EctxItem.SndCtx.elim
Perennial.ectx_item.SndCtx.sizeOf_spec	Perennial.EctxItem.SndCtx.sizeOf_spec
Perennial.ectx_item.casesOn	Perennial.EctxItem.casesOn
Perennial.ectx_item.ctorElim	Perennial.EctxItem.ctorElim
Perennial.ectx_item.ctorElimType	Perennial.EctxItem.ctorElimType
Perennial.ectx_item.ctorIdx	Perennial.EctxItem.ctorIdx
Perennial.ectx_item.noConfusion	Perennial.EctxItem.noConfusion
Perennial.ectx_item.noConfusionType	Perennial.EctxItem.noConfusionType
Perennial.ectx_item.rec	Perennial.EctxItem.rec
Perennial.ectx_item.recOn	Perennial.EctxItem.recOn
Perennial.encoding.binary.get_is_pkg_init_wf_inst	Perennial.encoding.binary.get_isPkgInit_wf_inst
Perennial.encoding.binary.is_init	Perennial.encoding.binary.isInit
Perennial.encoding.binary.is_pkg_init_inst	Perennial.encoding.binary.isPkgInit_inst
Perennial.encoding.binary.le_to_u32_4	Perennial.encoding.binary.leToU32_4
Perennial.encoding.binary.le_to_u64_8	Perennial.encoding.binary.leToU64_8
Perennial.encoding.binary.u32_le_4	Perennial.encoding.binary.u32Le_4
Perennial.encoding.binary.u64_le_8	Perennial.encoding.binary.u64Le_8
Perennial.endpoint	Perennial.Endpoint
Perennial.errors.asType_hide	Perennial.errors.asTypeHide
Perennial.errors.asType_hide_elim	Perennial.errors.asTypeHide_elim
Perennial.errors.asType_hide_intro	Perennial.errors.asTypeHide_intro
Perennial.errors.asType_node	Perennial.errors.asTypeNode
Perennial.errors.asType_typed	Perennial.errors.AsTypeTyped
Perennial.errors.asType_typed_val	Perennial.errors.asTypeTyped_val
Perennial.errors.get_is_pkg_init_wf_inst	Perennial.errors.get_isPkgInit_wf_inst
Perennial.errors.is_error_tree	Perennial.errors.isErrorTree
Perennial.errors.is_error_tree_persistent	Perennial.errors.isErrorTree_persistent
Perennial.errors.is_pkg_init_inst	Perennial.errors.isPkgInit_inst
Perennial.errors.is_unwrappable	Perennial.errors.isUnwrappable
Perennial.errors.is_unwrappable_persistent	Perennial.errors.isUnwrappable_persistent
Perennial.exception_do_def	Perennial.exceptionDoDef
Perennial.exception_seq_def	Perennial.exceptionSeqDef
Perennial.execute_val	Perennial.executeVal
Perennial.execute_val_def	Perennial.executeValDef
Perennial.execute_val_unseal	Perennial.executeVal_unseal
Perennial.ffi_interp.ffi_global_ctx	Perennial.ffi_interp.ffiGlobalCtx
Perennial.ffi_interp.ffi_local_ctx	Perennial.ffi_interp.ffiLocalCtx
Perennial.ffi_interp_adequacy	Perennial.FfiInterpAdequacy
Perennial.ffi_interp_adequacy.casesOn	Perennial.FfiInterpAdequacy.casesOn
Perennial.ffi_interp_adequacy.ctorIdx	Perennial.FfiInterpAdequacy.ctorIdx
Perennial.ffi_interp_adequacy.ffiGpreS	Perennial.FfiInterpAdequacy.ffiGpreS
Perennial.ffi_interp_adequacy.ffi_global_init	Perennial.FfiInterpAdequacy.ffi_global_init
Perennial.ffi_interp_adequacy.ffi_global_start	Perennial.FfiInterpAdequacy.ffiGlobalStart
Perennial.ffi_interp_adequacy.ffi_initP	Perennial.FfiInterpAdequacy.ffi_initP
Perennial.ffi_interp_adequacy.ffi_initgP	Perennial.FfiInterpAdequacy.ffi_initgP
Perennial.ffi_interp_adequacy.ffi_local_init	Perennial.FfiInterpAdequacy.ffi_local_init
Perennial.ffi_interp_adequacy.ffi_local_start	Perennial.FfiInterpAdequacy.ffiLocalStart
Perennial.ffi_interp_adequacy.mk	Perennial.FfiInterpAdequacy.mk
Perennial.ffi_interp_adequacy.mk.noConfusion	Perennial.FfiInterpAdequacy.mk.noConfusion
Perennial.ffi_interp_adequacy.noConfusion	Perennial.FfiInterpAdequacy.noConfusion
Perennial.ffi_interp_adequacy.noConfusionType	Perennial.FfiInterpAdequacy.noConfusionType
Perennial.ffi_interp_adequacy.rec	Perennial.FfiInterpAdequacy.rec
Perennial.ffi_interp_adequacy.recOn	Perennial.FfiInterpAdequacy.recOn
Perennial.file_pointsto	Perennial.filePointsto
Perennial.file_pointsto_timeless	Perennial.filePointsto_timeless
Perennial.fill_item	Perennial.fillItem
Perennial.fill_item_inj	Perennial.fillItem_inj
Perennial.fill_item_no_val_inj	Perennial.fillItem_no_val_inj
Perennial.fill_item_val	Perennial.fillItem_val
Perennial.fmt.get_is_pkg_init_wf_inst	Perennial.fmt.get_isPkgInit_wf_inst
Perennial.fmt.is_pkg_init_inst	Perennial.fmt.isPkgInit_inst
Perennial.for_map_postcondition	Perennial.forMapPostcondition
Perennial.for_postcondition	Perennial.forPostcondition
Perennial.for_postcondition_def	Perennial.forPostconditionDef
Perennial.for_postcondition_unseal	Perennial.forPostcondition_unseal
Perennial.fresh_locs	Perennial.freshLocs
Perennial.fresh_locs_car_gt	Perennial.freshLocs_car_gt
Perennial.fresh_locs_fresh	Perennial.freshLocs_fresh
Perennial.fresh_locs_non_null	Perennial.freshLocs_non_null
Perennial.fresh_locs_off_0	Perennial.freshLocs_off_0
Perennial.fresh_locs_pos	Perennial.freshLocs_pos
Perennial.full_slice_slice_step_pure'	Perennial.fullSlice_slice_step_pure'
Perennial.future_inv	Perennial.futureInv
Perennial.future_names	Perennial.FutureNames
Perennial.future_names.casesOn	Perennial.FutureNames.casesOn
Perennial.future_names.chan_name	Perennial.FutureNames.chanName
Perennial.future_names.ctorIdx	Perennial.FutureNames.ctorIdx
Perennial.future_names.mk	Perennial.FutureNames.mk
Perennial.future_names.mk.inj	Perennial.FutureNames.mk.inj
Perennial.future_names.mk.injEq	Perennial.FutureNames.mk.injEq
Perennial.future_names.mk.noConfusion	Perennial.FutureNames.mk.noConfusion
Perennial.future_names.mk.sizeOf_spec	Perennial.FutureNames.mk.sizeOf_spec
Perennial.future_names.noConfusion	Perennial.FutureNames.noConfusion
Perennial.future_names.noConfusionType	Perennial.FutureNames.noConfusionType
Perennial.future_names.pending_set_name	Perennial.FutureNames.pendingSetName
Perennial.future_names.rec	Perennial.FutureNames.rec
Perennial.future_names.recOn	Perennial.FutureNames.recOn
Perennial.get_is_pkg_init_prop	Perennial.GetIsPkgInitProp
Perennial.ghost_map_auth	Perennial.ghostMapAuth
Perennial.ghost_map_auth_agree	Perennial.ghostMapAuth_agree
Perennial.ghost_map_auth_as_fractional	Perennial.ghostMapAuth_as_fractional
Perennial.ghost_map_auth_fractional	Perennial.ghostMapAuth_fractional
Perennial.ghost_map_auth_timeless	Perennial.ghostMapAuth_timeless
Perennial.ghost_map_auth_valid	Perennial.ghostMapAuth_valid
Perennial.ghost_map_auth_valid_2	Perennial.ghostMapAuth_valid_2
Perennial.ghost_map_elem	Perennial.ghostMapElem
Perennial.ghost_map_elem_agree	Perennial.ghostMapElem_agree
Perennial.ghost_map_elem_as_fractional	Perennial.ghostMapElem_as_fractional
Perennial.ghost_map_elem_combine	Perennial.ghostMapElem_combine
Perennial.ghost_map_elem_combine_as	Perennial.ghostMapElem_combine_as
Perennial.ghost_map_elem_combine_gives	Perennial.ghostMapElem_combine_gives
Perennial.ghost_map_elem_frac_ne	Perennial.ghostMapElem_frac_ne
Perennial.ghost_map_elem_fractional	Perennial.ghostMapElem_fractional
Perennial.ghost_map_elem_ne	Perennial.ghostMapElem_ne
Perennial.ghost_map_elem_persist	Perennial.ghostMapElem_persist
Perennial.ghost_map_elem_persistent	Perennial.ghostMapElem_persistent
Perennial.ghost_map_elem_timeless	Perennial.ghostMapElem_timeless
Perennial.ghost_map_elem_unpersist	Perennial.ghostMapElem_unpersist
Perennial.ghost_map_elem_valid	Perennial.ghostMapElem_valid
Perennial.ghost_map_elem_valid_2	Perennial.ghostMapElem_valid_2
Perennial.ghost_var	Perennial.ghostVar
Perennial.ghost_var_agree	Perennial.ghostVar_agree
Perennial.ghost_var_alloc	Perennial.ghostVar_alloc
Perennial.ghost_var_alloc_strong	Perennial.ghostVar_alloc_strong
Perennial.ghost_var_as_fractional	Perennial.ghostVar_as_fractional
Perennial.ghost_var_combine_as	Perennial.ghostVar_combine_as
Perennial.ghost_var_combine_gives	Perennial.ghostVar_combine_gives
Perennial.ghost_var_fractional	Perennial.ghostVar_fractional
Perennial.ghost_var_halves	Perennial.ghostVar_halves
Perennial.ghost_var_split	Perennial.ghostVar_split
Perennial.ghost_var_timeless	Perennial.ghostVar_timeless
Perennial.ghost_var_unseal	Perennial.ghostVar_unseal
Perennial.ghost_var_update	Perennial.ghostVar_update
Perennial.ghost_var_update_2	Perennial.ghostVar_update_2
Perennial.ghost_var_update_halves	Perennial.ghostVar_update_halves
Perennial.ghost_var_valid_2	Perennial.ghostVar_valid_2
Perennial.github_com.goose_lang.primitive.disk.array_elems_w8	Perennial.github_com.goose_lang.primitive.disk.arrayElems_w8
Perennial.github_com.goose_lang.primitive.disk.get_is_pkg_init_wf_inst	Perennial.github_com.goose_lang.primitive.disk.get_isPkgInit_wf_inst
Perennial.github_com.goose_lang.primitive.disk.is_block	Perennial.github_com.goose_lang.primitive.disk.isBlock
Perennial.github_com.goose_lang.primitive.disk.is_block_dfractional	Perennial.github_com.goose_lang.primitive.disk.isBlock_dfractional
Perennial.github_com.goose_lang.primitive.disk.is_block_full	Perennial.github_com.goose_lang.primitive.disk.isBlockFull
Perennial.github_com.goose_lang.primitive.disk.is_block_timeless	Perennial.github_com.goose_lang.primitive.disk.isBlock_timeless
Perennial.github_com.goose_lang.primitive.disk.is_pkg_init_inst	Perennial.github_com.goose_lang.primitive.disk.isPkgInit_inst
Perennial.github_com.goose_lang.primitive.disk.list_to_block	Perennial.github_com.goose_lang.primitive.disk.listToBlock
Perennial.github_com.goose_lang.primitive.disk.list_to_block_to_list	Perennial.github_com.goose_lang.primitive.disk.listToBlock_to_list
Perennial.github_com.goose_lang.primitive.disk.list_to_block_to_vals	Perennial.github_com.goose_lang.primitive.disk.listToBlock_to_vals
Perennial.github_com.goose_lang.primitive.get_is_pkg_init_wf_inst	Perennial.github_com.goose_lang.primitive.get_isPkgInit_wf_inst
Perennial.github_com.goose_lang.primitive.is_Mutex	Perennial.github_com.goose_lang.primitive.isMutex
Perennial.github_com.goose_lang.primitive.is_Mutex.congr_simp	Perennial.github_com.goose_lang.primitive.isMutex.congr_simp
Perennial.github_com.goose_lang.primitive.is_Mutex_def	Perennial.github_com.goose_lang.primitive.isMutexDef
Perennial.github_com.goose_lang.primitive.is_Mutex_ne	Perennial.github_com.goose_lang.primitive.isMutex_ne
Perennial.github_com.goose_lang.primitive.is_Mutex_persistent	Perennial.github_com.goose_lang.primitive.isMutex_persistent
Perennial.github_com.goose_lang.primitive.is_Mutex_unseal	Perennial.github_com.goose_lang.primitive.isMutex_unseal
Perennial.github_com.goose_lang.primitive.is_pkg_init_inst	Perennial.github_com.goose_lang.primitive.isPkgInit_inst
Perennial.github_com.goose_lang.primitive.own_Mutex	Perennial.github_com.goose_lang.primitive.ownMutex
Perennial.github_com.goose_lang.primitive.own_Mutex.congr_simp	Perennial.github_com.goose_lang.primitive.ownMutex.congr_simp
Perennial.github_com.goose_lang.primitive.own_Mutex_def	Perennial.github_com.goose_lang.primitive.ownMutexDef
Perennial.github_com.goose_lang.primitive.own_Mutex_exclusive	Perennial.github_com.goose_lang.primitive.ownMutex_exclusive
Perennial.github_com.goose_lang.primitive.own_Mutex_unseal	Perennial.github_com.goose_lang.primitive.ownMutex_unseal
Perennial.github_com.goose_lang.primitive.wp_Mutex__Lock	Perennial.github_com.goose_lang.primitive.Mutex.wp_Lock
Perennial.github_com.goose_lang.primitive.wp_Mutex__Unlock	Perennial.github_com.goose_lang.primitive.Mutex.wp_Unlock
Perennial.github_com.goose_lang.std.get_is_pkg_init_wf_inst	Perennial.github_com.goose_lang.std.get_isPkgInit_wf_inst
Perennial.github_com.goose_lang.std.is_JoinHandle	Perennial.github_com.goose_lang.std.isJoinHandle
Perennial.github_com.goose_lang.std.is_JoinHandle_persistent	Perennial.github_com.goose_lang.std.isJoinHandle_persistent
Perennial.github_com.goose_lang.std.is_pkg_init_inst	Perennial.github_com.goose_lang.std.isPkgInit_inst
Perennial.github_com.goose_lang.std.jh_P	Perennial.github_com.goose_lang.std.jhP
Perennial.github_com.goose_lang.std.jh_inv	Perennial.github_com.goose_lang.std.jhInv
Perennial.github_com.goose_lang.std.std_core.get_is_pkg_init_wf_inst	Perennial.github_com.goose_lang.std.std_core.get_isPkgInit_wf_inst
Perennial.github_com.goose_lang.std.std_core.is_pkg_init_inst	Perennial.github_com.goose_lang.std.std_core.isPkgInit_inst
Perennial.github_com.goose_lang.std.wp_JoinHandle__Join	Perennial.github_com.goose_lang.std.JoinHandle.wp_Join
Perennial.github_com.goose_lang.std.wp_JoinHandle__finish	Perennial.github_com.goose_lang.std.JoinHandle.wp_finish
Perennial.github_com.mit_pdos.perennial.goose.model.channel.get_is_pkg_init_wf_inst	Perennial.github_com.mit_pdos.perennial.goose.model.channel.get_isPkgInit_wf_inst
Perennial.github_com.mit_pdos.perennial.goose.model.channel.is_pkg_init_inst	Perennial.github_com.mit_pdos.perennial.goose.model.channel.isPkgInit_inst
Perennial.github_com.mit_pdos.perennial.goose.testdata.examples.channel.await_request	Perennial.github_com.mit_pdos.perennial.goose.testdata.examples.channel.awaitRequest
Perennial.github_com.mit_pdos.perennial.goose.testdata.examples.channel.contract_of	Perennial.github_com.mit_pdos.perennial.goose.testdata.examples.channel.contractOf
Perennial.github_com.mit_pdos.perennial.goose.testdata.examples.channel.contract_of_sound	Perennial.github_com.mit_pdos.perennial.goose.testdata.examples.channel.contractOf_sound
Perennial.github_com.mit_pdos.perennial.goose.testdata.examples.channel.do_request	Perennial.github_com.mit_pdos.perennial.goose.testdata.examples.channel.doRequest
Perennial.github_com.mit_pdos.perennial.goose.testdata.examples.channel.elimination_stack.EliminationStack_names	Perennial.github_com.mit_pdos.perennial.goose.testdata.examples.channel.elimination_stack.EliminationStackNames
Perennial.github_com.mit_pdos.perennial.goose.testdata.examples.channel.elimination_stack.EliminationStack_names.casesOn	Perennial.github_com.mit_pdos.perennial.goose.testdata.examples.channel.elimination_stack.EliminationStackNames.casesOn
Perennial.github_com.mit_pdos.perennial.goose.testdata.examples.channel.elimination_stack.EliminationStack_names.ch_gn	Perennial.github_com.mit_pdos.perennial.goose.testdata.examples.channel.elimination_stack.EliminationStackNames.chGn
Perennial.github_com.mit_pdos.perennial.goose.testdata.examples.channel.elimination_stack.EliminationStack_names.ctorIdx	Perennial.github_com.mit_pdos.perennial.goose.testdata.examples.channel.elimination_stack.EliminationStackNames.ctorIdx
Perennial.github_com.mit_pdos.perennial.goose.testdata.examples.channel.elimination_stack.EliminationStack_names.ls_gn	Perennial.github_com.mit_pdos.perennial.goose.testdata.examples.channel.elimination_stack.EliminationStackNames.lsGn
Perennial.github_com.mit_pdos.perennial.goose.testdata.examples.channel.elimination_stack.EliminationStack_names.mk	Perennial.github_com.mit_pdos.perennial.goose.testdata.examples.channel.elimination_stack.EliminationStackNames.mk
Perennial.github_com.mit_pdos.perennial.goose.testdata.examples.channel.elimination_stack.EliminationStack_names.mk.inj	Perennial.github_com.mit_pdos.perennial.goose.testdata.examples.channel.elimination_stack.EliminationStackNames.mk.inj
Perennial.github_com.mit_pdos.perennial.goose.testdata.examples.channel.elimination_stack.EliminationStack_names.mk.injEq	Perennial.github_com.mit_pdos.perennial.goose.testdata.examples.channel.elimination_stack.EliminationStackNames.mk.injEq
Perennial.github_com.mit_pdos.perennial.goose.testdata.examples.channel.elimination_stack.EliminationStack_names.mk.noConfusion	Perennial.github_com.mit_pdos.perennial.goose.testdata.examples.channel.elimination_stack.EliminationStackNames.mk.noConfusion
Perennial.github_com.mit_pdos.perennial.goose.testdata.examples.channel.elimination_stack.EliminationStack_names.mk.sizeOf_spec	Perennial.github_com.mit_pdos.perennial.goose.testdata.examples.channel.elimination_stack.EliminationStackNames.mk.sizeOf_spec
Perennial.github_com.mit_pdos.perennial.goose.testdata.examples.channel.elimination_stack.EliminationStack_names.noConfusion	Perennial.github_com.mit_pdos.perennial.goose.testdata.examples.channel.elimination_stack.EliminationStackNames.noConfusion
Perennial.github_com.mit_pdos.perennial.goose.testdata.examples.channel.elimination_stack.EliminationStack_names.noConfusionType	Perennial.github_com.mit_pdos.perennial.goose.testdata.examples.channel.elimination_stack.EliminationStackNames.noConfusionType
Perennial.github_com.mit_pdos.perennial.goose.testdata.examples.channel.elimination_stack.EliminationStack_names.r_gn	Perennial.github_com.mit_pdos.perennial.goose.testdata.examples.channel.elimination_stack.EliminationStackNames.rGn
Perennial.github_com.mit_pdos.perennial.goose.testdata.examples.channel.elimination_stack.EliminationStack_names.rec	Perennial.github_com.mit_pdos.perennial.goose.testdata.examples.channel.elimination_stack.EliminationStackNames.rec
Perennial.github_com.mit_pdos.perennial.goose.testdata.examples.channel.elimination_stack.EliminationStack_names.recOn	Perennial.github_com.mit_pdos.perennial.goose.testdata.examples.channel.elimination_stack.EliminationStackNames.recOn
Perennial.github_com.mit_pdos.perennial.goose.testdata.examples.channel.elimination_stack.EliminationStack_names.s_gn	Perennial.github_com.mit_pdos.perennial.goose.testdata.examples.channel.elimination_stack.EliminationStackNames.sGn
Perennial.github_com.mit_pdos.perennial.goose.testdata.examples.channel.elimination_stack.EliminationStack_names.spec_gn	Perennial.github_com.mit_pdos.perennial.goose.testdata.examples.channel.elimination_stack.EliminationStackNames.specGn
Perennial.github_com.mit_pdos.perennial.goose.testdata.examples.channel.elimination_stack.elim_inv	Perennial.github_com.mit_pdos.perennial.goose.testdata.examples.channel.elimination_stack.elimInv
Perennial.github_com.mit_pdos.perennial.goose.testdata.examples.channel.elimination_stack.get_is_pkg_init_wf_inst	Perennial.github_com.mit_pdos.perennial.goose.testdata.examples.channel.elimination_stack.get_isPkgInit_wf_inst
Perennial.github_com.mit_pdos.perennial.goose.testdata.examples.channel.elimination_stack.is_EliminationStack	Perennial.github_com.mit_pdos.perennial.goose.testdata.examples.channel.elimination_stack.isEliminationStack
Perennial.github_com.mit_pdos.perennial.goose.testdata.examples.channel.elimination_stack.is_EliminationStack_persistent	Perennial.github_com.mit_pdos.perennial.goose.testdata.examples.channel.elimination_stack.isEliminationStack_persistent
Perennial.github_com.mit_pdos.perennial.goose.testdata.examples.channel.elimination_stack.is_LockedStack	Perennial.github_com.mit_pdos.perennial.goose.testdata.examples.channel.elimination_stack.isLockedStack
Perennial.github_com.mit_pdos.perennial.goose.testdata.examples.channel.elimination_stack.is_LockedStack_persistent	Perennial.github_com.mit_pdos.perennial.goose.testdata.examples.channel.elimination_stack.isLockedStack_persistent
Perennial.github_com.mit_pdos.perennial.goose.testdata.examples.channel.elimination_stack.is_pkg_init_inst	Perennial.github_com.mit_pdos.perennial.goose.testdata.examples.channel.elimination_stack.isPkgInit_inst
Perennial.github_com.mit_pdos.perennial.goose.testdata.examples.channel.elimination_stack.own_EliminationStack	Perennial.github_com.mit_pdos.perennial.goose.testdata.examples.channel.elimination_stack.ownEliminationStack
Perennial.github_com.mit_pdos.perennial.goose.testdata.examples.channel.elimination_stack.own_LockedStack	Perennial.github_com.mit_pdos.perennial.goose.testdata.examples.channel.elimination_stack.ownLockedStack
Perennial.github_com.mit_pdos.perennial.goose.testdata.examples.channel.elimination_stack.own_LockedStack_timeless	Perennial.github_com.mit_pdos.perennial.goose.testdata.examples.channel.elimination_stack.ownLockedStack_timeless
Perennial.github_com.mit_pdos.perennial.goose.testdata.examples.channel.elimination_stack.own_exchanger_inv	Perennial.github_com.mit_pdos.perennial.goose.testdata.examples.channel.elimination_stack.ownExchangerInv
Perennial.github_com.mit_pdos.perennial.goose.testdata.examples.channel.elimination_stack.wp_EliminationStack__Pop	Perennial.github_com.mit_pdos.perennial.goose.testdata.examples.channel.elimination_stack.EliminationStack.wp_Pop
Perennial.github_com.mit_pdos.perennial.goose.testdata.examples.channel.elimination_stack.wp_EliminationStack__Push	Perennial.github_com.mit_pdos.perennial.goose.testdata.examples.channel.elimination_stack.EliminationStack.wp_Push
Perennial.github_com.mit_pdos.perennial.goose.testdata.examples.channel.elimination_stack.wp_LockedStack__Pop	Perennial.github_com.mit_pdos.perennial.goose.testdata.examples.channel.elimination_stack.LockedStack.wp_Pop
Perennial.github_com.mit_pdos.perennial.goose.testdata.examples.channel.elimination_stack.wp_LockedStack__Push	Perennial.github_com.mit_pdos.perennial.goose.testdata.examples.channel.elimination_stack.LockedStack.wp_Push
Perennial.github_com.mit_pdos.perennial.goose.testdata.examples.channel.etcd_session.get_is_pkg_init_wf_inst	Perennial.github_com.mit_pdos.perennial.goose.testdata.examples.channel.etcd_session.get_isPkgInit_wf_inst
Perennial.github_com.mit_pdos.perennial.goose.testdata.examples.channel.etcd_session.is_inv	Perennial.github_com.mit_pdos.perennial.goose.testdata.examples.channel.etcd_session.isInv
Perennial.github_com.mit_pdos.perennial.goose.testdata.examples.channel.etcd_session.is_inv_access	Perennial.github_com.mit_pdos.perennial.goose.testdata.examples.channel.etcd_session.isInv_access
Perennial.github_com.mit_pdos.perennial.goose.testdata.examples.channel.etcd_session.is_pkg_init_inst	Perennial.github_com.mit_pdos.perennial.goose.testdata.examples.channel.etcd_session.isPkgInit_inst
Perennial.github_com.mit_pdos.perennial.goose.testdata.examples.channel.etcd_session.monitor_select_post	Perennial.github_com.mit_pdos.perennial.goose.testdata.examples.channel.etcd_session.monitorSelectPost
Perennial.github_com.mit_pdos.perennial.goose.testdata.examples.channel.etcd_session.mu_inv	Perennial.github_com.mit_pdos.perennial.goose.testdata.examples.channel.etcd_session.muInv
Perennial.github_com.mit_pdos.perennial.goose.testdata.examples.channel.fib_list	Perennial.github_com.mit_pdos.perennial.goose.testdata.examples.channel.fibList
Perennial.github_com.mit_pdos.perennial.goose.testdata.examples.channel.fib_list_length	Perennial.github_com.mit_pdos.perennial.goose.testdata.examples.channel.fibList_length
Perennial.github_com.mit_pdos.perennial.goose.testdata.examples.channel.fib_list_succ	Perennial.github_com.mit_pdos.perennial.goose.testdata.examples.channel.fibList_succ
Perennial.github_com.mit_pdos.perennial.goose.testdata.examples.channel.get_is_pkg_init_wf_inst	Perennial.github_com.mit_pdos.perennial.goose.testdata.examples.channel.get_isPkgInit_wf_inst
Perennial.github_com.mit_pdos.perennial.goose.testdata.examples.channel.google_expected	Perennial.github_com.mit_pdos.perennial.goose.testdata.examples.channel.googleExpected
Perennial.github_com.mit_pdos.perennial.goose.testdata.examples.channel.is_pkg_init_inst	Perennial.github_com.mit_pdos.perennial.goose.testdata.examples.channel.isPkgInit_inst
Perennial.github_com.mit_pdos.perennial.goose.testdata.examples.channel.is_request_chan	Perennial.github_com.mit_pdos.perennial.goose.testdata.examples.channel.isRequestChan
Perennial.github_com.mit_pdos.perennial.goose.testdata.examples.channel.is_request_chan_pers	Perennial.github_com.mit_pdos.perennial.goose.testdata.examples.channel.isRequestChan_pers
Perennial.github_com.mit_pdos.perennial.goose.testdata.examples.channel.is_select_nb_full1	Perennial.github_com.mit_pdos.perennial.goose.testdata.examples.channel.isSelectNbFull1
Perennial.github_com.mit_pdos.perennial.goose.testdata.examples.channel.is_select_nb_only	Perennial.github_com.mit_pdos.perennial.goose.testdata.examples.channel.isSelectNbOnly
Perennial.github_com.mit_pdos.perennial.goose.testdata.examples.channel.is_select_nb_only_pers	Perennial.github_com.mit_pdos.perennial.goose.testdata.examples.channel.isSelectNbOnly_pers
Perennial.github_com.mit_pdos.perennial.goose.testdata.examples.channel.kind	Perennial.github_com.mit_pdos.perennial.goose.testdata.examples.channel.Kind
Perennial.github_com.mit_pdos.perennial.goose.testdata.examples.channel.kind.KImg	Perennial.github_com.mit_pdos.perennial.goose.testdata.examples.channel.Kind.KImg
Perennial.github_com.mit_pdos.perennial.goose.testdata.examples.channel.kind.KImg.elim	Perennial.github_com.mit_pdos.perennial.goose.testdata.examples.channel.Kind.KImg.elim
Perennial.github_com.mit_pdos.perennial.goose.testdata.examples.channel.kind.KImg.sizeOf_spec	Perennial.github_com.mit_pdos.perennial.goose.testdata.examples.channel.Kind.KImg.sizeOf_spec
Perennial.github_com.mit_pdos.perennial.goose.testdata.examples.channel.kind.KVid	Perennial.github_com.mit_pdos.perennial.goose.testdata.examples.channel.Kind.KVid
Perennial.github_com.mit_pdos.perennial.goose.testdata.examples.channel.kind.KVid.elim	Perennial.github_com.mit_pdos.perennial.goose.testdata.examples.channel.Kind.KVid.elim
Perennial.github_com.mit_pdos.perennial.goose.testdata.examples.channel.kind.KVid.sizeOf_spec	Perennial.github_com.mit_pdos.perennial.goose.testdata.examples.channel.Kind.KVid.sizeOf_spec
Perennial.github_com.mit_pdos.perennial.goose.testdata.examples.channel.kind.KWeb	Perennial.github_com.mit_pdos.perennial.goose.testdata.examples.channel.Kind.KWeb
Perennial.github_com.mit_pdos.perennial.goose.testdata.examples.channel.kind.KWeb.elim	Perennial.github_com.mit_pdos.perennial.goose.testdata.examples.channel.Kind.KWeb.elim
Perennial.github_com.mit_pdos.perennial.goose.testdata.examples.channel.kind.KWeb.sizeOf_spec	Perennial.github_com.mit_pdos.perennial.goose.testdata.examples.channel.Kind.KWeb.sizeOf_spec
Perennial.github_com.mit_pdos.perennial.goose.testdata.examples.channel.kind.casesOn	Perennial.github_com.mit_pdos.perennial.goose.testdata.examples.channel.Kind.casesOn
Perennial.github_com.mit_pdos.perennial.goose.testdata.examples.channel.kind.ctorElim	Perennial.github_com.mit_pdos.perennial.goose.testdata.examples.channel.Kind.ctorElim
Perennial.github_com.mit_pdos.perennial.goose.testdata.examples.channel.kind.ctorElimType	Perennial.github_com.mit_pdos.perennial.goose.testdata.examples.channel.Kind.ctorElimType
Perennial.github_com.mit_pdos.perennial.goose.testdata.examples.channel.kind.ctorIdx	Perennial.github_com.mit_pdos.perennial.goose.testdata.examples.channel.Kind.ctorIdx
Perennial.github_com.mit_pdos.perennial.goose.testdata.examples.channel.kind.noConfusion	Perennial.github_com.mit_pdos.perennial.goose.testdata.examples.channel.Kind.noConfusion
Perennial.github_com.mit_pdos.perennial.goose.testdata.examples.channel.kind.noConfusionType	Perennial.github_com.mit_pdos.perennial.goose.testdata.examples.channel.Kind.noConfusionType
Perennial.github_com.mit_pdos.perennial.goose.testdata.examples.channel.kind.ofNat	Perennial.github_com.mit_pdos.perennial.goose.testdata.examples.channel.Kind.ofNat
Perennial.github_com.mit_pdos.perennial.goose.testdata.examples.channel.kind.ofNat_ctorIdx	Perennial.github_com.mit_pdos.perennial.goose.testdata.examples.channel.Kind.ofNat_ctorIdx
Perennial.github_com.mit_pdos.perennial.goose.testdata.examples.channel.kind.rec	Perennial.github_com.mit_pdos.perennial.goose.testdata.examples.channel.Kind.rec
Perennial.github_com.mit_pdos.perennial.goose.testdata.examples.channel.kind.recOn	Perennial.github_com.mit_pdos.perennial.goose.testdata.examples.channel.Kind.recOn
Perennial.github_com.mit_pdos.perennial.goose.testdata.examples.channel.lock.get_is_pkg_init_wf_inst	Perennial.github_com.mit_pdos.perennial.goose.testdata.examples.channel.lock.get_isPkgInit_wf_inst
Perennial.github_com.mit_pdos.perennial.goose.testdata.examples.channel.lock.is_Lock	Perennial.github_com.mit_pdos.perennial.goose.testdata.examples.channel.lock.isLock
Perennial.github_com.mit_pdos.perennial.goose.testdata.examples.channel.lock.is_Lock_persistent	Perennial.github_com.mit_pdos.perennial.goose.testdata.examples.channel.lock.isLock_persistent
Perennial.github_com.mit_pdos.perennial.goose.testdata.examples.channel.lock.is_pkg_init_inst	Perennial.github_com.mit_pdos.perennial.goose.testdata.examples.channel.lock.isPkgInit_inst
Perennial.github_com.mit_pdos.perennial.goose.testdata.examples.channel.lock.wp_Lock__Lock	Perennial.github_com.mit_pdos.perennial.goose.testdata.examples.channel.lock.Lock.wp_Lock
Perennial.github_com.mit_pdos.perennial.goose.testdata.examples.channel.lock.wp_Lock__LockWithTimeout	Perennial.github_com.mit_pdos.perennial.goose.testdata.examples.channel.lock.Lock.wp_LockWithTimeout
Perennial.github_com.mit_pdos.perennial.goose.testdata.examples.channel.lock.wp_Lock__TryLock	Perennial.github_com.mit_pdos.perennial.goose.testdata.examples.channel.lock.Lock.wp_TryLock
Perennial.github_com.mit_pdos.perennial.goose.testdata.examples.channel.lock.wp_Lock__Unlock	Perennial.github_com.mit_pdos.perennial.goose.testdata.examples.channel.lock.Lock.wp_Unlock
Perennial.github_com.mit_pdos.perennial.goose.testdata.examples.channel.parallel_search_replace.SearchReplace_names	Perennial.github_com.mit_pdos.perennial.goose.testdata.examples.channel.parallel_search_replace.SearchReplaceNames
Perennial.github_com.mit_pdos.perennial.goose.testdata.examples.channel.parallel_search_replace.SearchReplace_names.casesOn	Perennial.github_com.mit_pdos.perennial.goose.testdata.examples.channel.parallel_search_replace.SearchReplaceNames.casesOn
Perennial.github_com.mit_pdos.perennial.goose.testdata.examples.channel.parallel_search_replace.SearchReplace_names.ctorIdx	Perennial.github_com.mit_pdos.perennial.goose.testdata.examples.channel.parallel_search_replace.SearchReplaceNames.ctorIdx
Perennial.github_com.mit_pdos.perennial.goose.testdata.examples.channel.parallel_search_replace.SearchReplace_names.mk	Perennial.github_com.mit_pdos.perennial.goose.testdata.examples.channel.parallel_search_replace.SearchReplaceNames.mk
Perennial.github_com.mit_pdos.perennial.goose.testdata.examples.channel.parallel_search_replace.SearchReplace_names.mk.inj	Perennial.github_com.mit_pdos.perennial.goose.testdata.examples.channel.parallel_search_replace.SearchReplaceNames.mk.inj
Perennial.github_com.mit_pdos.perennial.goose.testdata.examples.channel.parallel_search_replace.SearchReplace_names.mk.injEq	Perennial.github_com.mit_pdos.perennial.goose.testdata.examples.channel.parallel_search_replace.SearchReplaceNames.mk.injEq
Perennial.github_com.mit_pdos.perennial.goose.testdata.examples.channel.parallel_search_replace.SearchReplace_names.mk.noConfusion	Perennial.github_com.mit_pdos.perennial.goose.testdata.examples.channel.parallel_search_replace.SearchReplaceNames.mk.noConfusion
Perennial.github_com.mit_pdos.perennial.goose.testdata.examples.channel.parallel_search_replace.SearchReplace_names.mk.sizeOf_spec	Perennial.github_com.mit_pdos.perennial.goose.testdata.examples.channel.parallel_search_replace.SearchReplaceNames.mk.sizeOf_spec
Perennial.github_com.mit_pdos.perennial.goose.testdata.examples.channel.parallel_search_replace.SearchReplace_names.noConfusion	Perennial.github_com.mit_pdos.perennial.goose.testdata.examples.channel.parallel_search_replace.SearchReplaceNames.noConfusion
Perennial.github_com.mit_pdos.perennial.goose.testdata.examples.channel.parallel_search_replace.SearchReplace_names.noConfusionType	Perennial.github_com.mit_pdos.perennial.goose.testdata.examples.channel.parallel_search_replace.SearchReplaceNames.noConfusionType
Perennial.github_com.mit_pdos.perennial.goose.testdata.examples.channel.parallel_search_replace.SearchReplace_names.rec	Perennial.github_com.mit_pdos.perennial.goose.testdata.examples.channel.parallel_search_replace.SearchReplaceNames.rec
Perennial.github_com.mit_pdos.perennial.goose.testdata.examples.channel.parallel_search_replace.SearchReplace_names.recOn	Perennial.github_com.mit_pdos.perennial.goose.testdata.examples.channel.parallel_search_replace.SearchReplaceNames.recOn
Perennial.github_com.mit_pdos.perennial.goose.testdata.examples.channel.parallel_search_replace.SearchReplace_names.wg	Perennial.github_com.mit_pdos.perennial.goose.testdata.examples.channel.parallel_search_replace.SearchReplaceNames.wg
Perennial.github_com.mit_pdos.perennial.goose.testdata.examples.channel.parallel_search_replace.SearchReplace_names.wg_added	Perennial.github_com.mit_pdos.perennial.goose.testdata.examples.channel.parallel_search_replace.SearchReplaceNames.wgAdded
Perennial.github_com.mit_pdos.perennial.goose.testdata.examples.channel.parallel_search_replace.get_is_pkg_init_wf_inst	Perennial.github_com.mit_pdos.perennial.goose.testdata.examples.channel.parallel_search_replace.get_isPkgInit_wf_inst
Perennial.github_com.mit_pdos.perennial.goose.testdata.examples.channel.parallel_search_replace.is_pkg_init_inst	Perennial.github_com.mit_pdos.perennial.goose.testdata.examples.channel.parallel_search_replace.isPkgInit_inst
Perennial.github_com.mit_pdos.perennial.goose.testdata.examples.channel.parallel_search_replace.own_slice_slice_empty	Perennial.github_com.mit_pdos.perennial.goose.testdata.examples.channel.parallel_search_replace.ownSlice_slice_empty
Perennial.github_com.mit_pdos.perennial.goose.testdata.examples.channel.parallel_search_replace.search_replace	Perennial.github_com.mit_pdos.perennial.goose.testdata.examples.channel.parallel_search_replace.searchReplace
Perennial.github_com.mit_pdos.perennial.goose.testdata.examples.channel.parallel_search_replace.search_replace_length	Perennial.github_com.mit_pdos.perennial.goose.testdata.examples.channel.parallel_search_replace.searchReplace_length
Perennial.github_com.mit_pdos.perennial.goose.testdata.examples.channel.parallel_search_replace.search_replace_lookup	Perennial.github_com.mit_pdos.perennial.goose.testdata.examples.channel.parallel_search_replace.searchReplace_lookup
Perennial.github_com.mit_pdos.perennial.goose.testdata.examples.channel.parallel_search_replace.search_replace_step	Perennial.github_com.mit_pdos.perennial.goose.testdata.examples.channel.parallel_search_replace.searchReplace_step
Perennial.github_com.mit_pdos.perennial.goose.testdata.examples.channel.parallel_search_replace.search_replace_step_ne	Perennial.github_com.mit_pdos.perennial.goose.testdata.examples.channel.parallel_search_replace.searchReplace_step_ne
Perennial.github_com.mit_pdos.perennial.goose.testdata.examples.channel.parallel_search_replace.search_replace_take_append	Perennial.github_com.mit_pdos.perennial.goose.testdata.examples.channel.parallel_search_replace.searchReplace_take_append
Perennial.github_com.mit_pdos.perennial.goose.testdata.examples.channel.pure_contract_of	Perennial.github_com.mit_pdos.perennial.goose.testdata.examples.channel.PureContractOf
Perennial.github_com.mit_pdos.perennial.goose.testdata.examples.channel.pure_contract_of_inj	Perennial.github_com.mit_pdos.perennial.goose.testdata.examples.channel.pureContractOf_inj
Perennial.github_com.mit_pdos.perennial.goose.testdata.examples.channel.select_nb_only_inv	Perennial.github_com.mit_pdos.perennial.goose.testdata.examples.channel.selectNbOnlyInv
Perennial.github_com.mit_pdos.perennial.goose.testdata.examples.channel.value_of	Perennial.github_com.mit_pdos.perennial.goose.testdata.examples.channel.valueOf
Perennial.github_com.mit_pdos.perennial.goose.testdata.examples.channel.value_of_inj	Perennial.github_com.mit_pdos.perennial.goose.testdata.examples.channel.valueOf_inj
Perennial.github_com.mit_pdos.perennial.goose.testdata.examples.channel.workq.coordinator_inv	Perennial.github_com.mit_pdos.perennial.goose.testdata.examples.channel.workq.coordinatorInv
Perennial.github_com.mit_pdos.perennial.goose.testdata.examples.channel.workq.counted_fn	Perennial.github_com.mit_pdos.perennial.goose.testdata.examples.channel.workq.countedFn
Perennial.github_com.mit_pdos.perennial.goose.testdata.examples.channel.workq.counted_sum	Perennial.github_com.mit_pdos.perennial.goose.testdata.examples.channel.workq.countedSum
Perennial.github_com.mit_pdos.perennial.goose.testdata.examples.channel.workq.get_is_pkg_init_wf_inst	Perennial.github_com.mit_pdos.perennial.goose.testdata.examples.channel.workq.get_isPkgInit_wf_inst
Perennial.github_com.mit_pdos.perennial.goose.testdata.examples.channel.workq.is_Worker	Perennial.github_com.mit_pdos.perennial.goose.testdata.examples.channel.workq.isWorker
Perennial.github_com.mit_pdos.perennial.goose.testdata.examples.channel.workq.is_Worker_persistent	Perennial.github_com.mit_pdos.perennial.goose.testdata.examples.channel.workq.isWorker_persistent
Perennial.github_com.mit_pdos.perennial.goose.testdata.examples.channel.workq.is_coordinator	Perennial.github_com.mit_pdos.perennial.goose.testdata.examples.channel.workq.isCoordinator
Perennial.github_com.mit_pdos.perennial.goose.testdata.examples.channel.workq.is_coordinator_persistent	Perennial.github_com.mit_pdos.perennial.goose.testdata.examples.channel.workq.isCoordinator_persistent
Perennial.github_com.mit_pdos.perennial.goose.testdata.examples.channel.workq.is_pkg_init_inst	Perennial.github_com.mit_pdos.perennial.goose.testdata.examples.channel.workq.isPkgInit_inst
Perennial.github_com.mit_pdos.perennial.goose.testdata.examples.channel.workq.is_tasks_done	Perennial.github_com.mit_pdos.perennial.goose.testdata.examples.channel.workq.isTasksDone
Perennial.github_com.mit_pdos.perennial.goose.testdata.examples.channel.workq.is_tasks_done_persistent	Perennial.github_com.mit_pdos.perennial.goose.testdata.examples.channel.workq.isTasksDone_persistent
Perennial.github_com.mit_pdos.perennial.goose.testdata.examples.channel.workq.map_seq_size	Perennial.github_com.mit_pdos.perennial.goose.testdata.examples.channel.workq.mapSeq_size
Perennial.github_com.mit_pdos.perennial.goose.testdata.examples.channel.workq.own_task	Perennial.github_com.mit_pdos.perennial.goose.testdata.examples.channel.workq.ownTask
Perennial.github_com.mit_pdos.perennial.goose.testdata.examples.channel.workq.own_task_auth	Perennial.github_com.mit_pdos.perennial.goose.testdata.examples.channel.workq.ownTaskAuth
Perennial.github_com.mit_pdos.perennial.goose.testdata.examples.channel.workq.steal_reply_pred	Perennial.github_com.mit_pdos.perennial.goose.testdata.examples.channel.workq.stealReplyPred
Perennial.github_com.mit_pdos.perennial.goose.testdata.examples.channel.workq.workq_names	Perennial.github_com.mit_pdos.perennial.goose.testdata.examples.channel.workq.WorkqNames
Perennial.github_com.mit_pdos.perennial.goose.testdata.examples.channel.workq.workq_names.casesOn	Perennial.github_com.mit_pdos.perennial.goose.testdata.examples.channel.workq.WorkqNames.casesOn
Perennial.github_com.mit_pdos.perennial.goose.testdata.examples.channel.workq.workq_names.ctorIdx	Perennial.github_com.mit_pdos.perennial.goose.testdata.examples.channel.workq.WorkqNames.ctorIdx
Perennial.github_com.mit_pdos.perennial.goose.testdata.examples.channel.workq.workq_names.docs	Perennial.github_com.mit_pdos.perennial.goose.testdata.examples.channel.workq.WorkqNames.docs
Perennial.github_com.mit_pdos.perennial.goose.testdata.examples.channel.workq.workq_names.mk	Perennial.github_com.mit_pdos.perennial.goose.testdata.examples.channel.workq.WorkqNames.mk
Perennial.github_com.mit_pdos.perennial.goose.testdata.examples.channel.workq.workq_names.mk.inj	Perennial.github_com.mit_pdos.perennial.goose.testdata.examples.channel.workq.WorkqNames.mk.inj
Perennial.github_com.mit_pdos.perennial.goose.testdata.examples.channel.workq.workq_names.mk.injEq	Perennial.github_com.mit_pdos.perennial.goose.testdata.examples.channel.workq.WorkqNames.mk.injEq
Perennial.github_com.mit_pdos.perennial.goose.testdata.examples.channel.workq.workq_names.mk.noConfusion	Perennial.github_com.mit_pdos.perennial.goose.testdata.examples.channel.workq.WorkqNames.mk.noConfusion
Perennial.github_com.mit_pdos.perennial.goose.testdata.examples.channel.workq.workq_names.mk.sizeOf_spec	Perennial.github_com.mit_pdos.perennial.goose.testdata.examples.channel.workq.WorkqNames.mk.sizeOf_spec
Perennial.github_com.mit_pdos.perennial.goose.testdata.examples.channel.workq.workq_names.noConfusion	Perennial.github_com.mit_pdos.perennial.goose.testdata.examples.channel.workq.WorkqNames.noConfusion
Perennial.github_com.mit_pdos.perennial.goose.testdata.examples.channel.workq.workq_names.noConfusionType	Perennial.github_com.mit_pdos.perennial.goose.testdata.examples.channel.workq.WorkqNames.noConfusionType
Perennial.github_com.mit_pdos.perennial.goose.testdata.examples.channel.workq.workq_names.rec	Perennial.github_com.mit_pdos.perennial.goose.testdata.examples.channel.workq.WorkqNames.rec
Perennial.github_com.mit_pdos.perennial.goose.testdata.examples.channel.workq.workq_names.recOn	Perennial.github_com.mit_pdos.perennial.goose.testdata.examples.channel.workq.WorkqNames.recOn
Perennial.github_com.mit_pdos.perennial.goose.testdata.examples.channel.workq.workq_names.task_gn	Perennial.github_com.mit_pdos.perennial.goose.testdata.examples.channel.workq.WorkqNames.taskGn
Perennial.github_com.mit_pdos.perennial.goose.testdata.examples.channel.workq.wp_Worker__process	Perennial.github_com.mit_pdos.perennial.goose.testdata.examples.channel.workq.Worker.wp_process
Perennial.github_com.mit_pdos.perennial.goose.testdata.examples.channel.workq.wp_Worker__run	Perennial.github_com.mit_pdos.perennial.goose.testdata.examples.channel.workq.Worker.wp_run
Perennial.github_com.mit_pdos.perennial.goose.testdata.examples.semantics.get_is_pkg_init_wf_inst	Perennial.github_com.mit_pdos.perennial.goose.testdata.examples.semantics.get_isPkgInit_wf_inst
Perennial.github_com.mit_pdos.perennial.goose.testdata.examples.semantics.is_pkg_init_inst	Perennial.github_com.mit_pdos.perennial.goose.testdata.examples.semantics.isPkgInit_inst
Perennial.github_com.mit_pdos.perennial.goose.testdata.examples.semantics.test_fun_ok	Perennial.github_com.mit_pdos.perennial.goose.testdata.examples.semantics.TestFunOk
Perennial.github_com.mit_pdos.perennial.goose.testdata.examples.unittest.generics.get_is_pkg_init_wf_helpers	Perennial.github_com.mit_pdos.perennial.goose.testdata.examples.unittest.generics.get_isPkgInit_wf_helpers
Perennial.github_com.mit_pdos.perennial.goose.testdata.examples.unittest.generics.get_is_pkg_init_wf_inst	Perennial.github_com.mit_pdos.perennial.goose.testdata.examples.unittest.generics.get_isPkgInit_wf_inst
Perennial.github_com.mit_pdos.perennial.goose.testdata.examples.unittest.generics.is_pkg_init_helpers	Perennial.github_com.mit_pdos.perennial.goose.testdata.examples.unittest.generics.isPkgInit_helpers
Perennial.github_com.mit_pdos.perennial.goose.testdata.examples.unittest.generics.is_pkg_init_inst	Perennial.github_com.mit_pdos.perennial.goose.testdata.examples.unittest.generics.isPkgInit_inst
Perennial.github_com.mit_pdos.perennial.goose.testdata.examples.unittest.generics.wp_Box__Get	Perennial.github_com.mit_pdos.perennial.goose.testdata.examples.unittest.generics.Box.wp_Get
Perennial.github_com.mit_pdos.perennial.goose.testdata.examples.unittest.generics.wp_Box__Get'	Perennial.github_com.mit_pdos.perennial.goose.testdata.examples.unittest.generics.Box.wp_Get'
Perennial.github_com.mit_pdos.perennial.goose.testdata.examples.unittest.get_is_pkg_init_wf_inst	Perennial.github_com.mit_pdos.perennial.goose.testdata.examples.unittest.get_isPkgInit_wf_inst
Perennial.github_com.mit_pdos.perennial.goose.testdata.examples.unittest.is_pkg_init_inst	Perennial.github_com.mit_pdos.perennial.goose.testdata.examples.unittest.isPkgInit_inst
Perennial.github_com.mit_pdos.perennial.goose.testdata.examples.unittest.wp_Point__IgnoreReceiver	Perennial.github_com.mit_pdos.perennial.goose.testdata.examples.unittest.Point.wp_IgnoreReceiver
Perennial.github_com.prometheus.client_model.go.get_is_pkg_init_wf_inst	Perennial.github_com.prometheus.client_model.go.get_isPkgInit_wf_inst
Perennial.github_com.prometheus.client_model.go.is_pkg_init_inst	Perennial.github_com.prometheus.client_model.go.isPkgInit_inst
Perennial.github_com.tchajed.marshal.bool_has_encoding	Perennial.github_com.tchajed.marshal.BoolHasEncoding
Perennial.github_com.tchajed.marshal.byte_has_encoding	Perennial.github_com.tchajed.marshal.ByteHasEncoding
Perennial.github_com.tchajed.marshal.encodes	Perennial.github_com.tchajed.marshal.Encodes
Perennial.github_com.tchajed.marshal.get_is_pkg_init_wf_inst	Perennial.github_com.tchajed.marshal.get_isPkgInit_wf_inst
Perennial.github_com.tchajed.marshal.is_pkg_init_inst	Perennial.github_com.tchajed.marshal.isPkgInit_inst
Perennial.github_com.tchajed.marshal.own_slice_split_app	Perennial.github_com.tchajed.marshal.ownSlice_split_app
Perennial.github_com.tchajed.marshal.string_has_encoding	Perennial.github_com.tchajed.marshal.StringHasEncoding
Perennial.github_com.tchajed.marshal.uint32_has_encoding	Perennial.github_com.tchajed.marshal.Uint32HasEncoding
Perennial.github_com.tchajed.marshal.uint64_has_encoding	Perennial.github_com.tchajed.marshal.Uint64HasEncoding
Perennial.global_state	Perennial.GlobalState
Perennial.global_state.casesOn	Perennial.GlobalState.casesOn
Perennial.global_state.ctorIdx	Perennial.GlobalState.ctorIdx
Perennial.global_state.global_world	Perennial.GlobalState.globalWorld
Perennial.global_state.mk	Perennial.GlobalState.mk
Perennial.global_state.mk.inj	Perennial.GlobalState.mk.inj
Perennial.global_state.mk.injEq	Perennial.GlobalState.mk.injEq
Perennial.global_state.mk.noConfusion	Perennial.GlobalState.mk.noConfusion
Perennial.global_state.mk.sizeOf_spec	Perennial.GlobalState.mk.sizeOf_spec
Perennial.global_state.noConfusion	Perennial.GlobalState.noConfusion
Perennial.global_state.noConfusionType	Perennial.GlobalState.noConfusionType
Perennial.global_state.rec	Perennial.GlobalState.rec
Perennial.global_state.recOn	Perennial.GlobalState.recOn
Perennial.global_state.used_proph_id	Perennial.GlobalState.usedProphId
Perennial.gmap	Perennial.GMap
Perennial.gmap.NoDup_elements	Perennial.GMap.NoDup_elements
Perennial.gmap.NoDup_fst_map_to_list	Perennial.GMap.NoDup_fst_map_to_list
Perennial.gmap.NoDup_map_to_list	Perennial.GMap.NoDup_map_to_list
Perennial.gmap.casesOn	Perennial.GMap.casesOn
Perennial.gmap.ctorIdx	Perennial.GMap.ctorIdx
Perennial.gmap.delete	Perennial.GMap.delete
Perennial.gmap.delete_commute	Perennial.GMap.delete_commute
Perennial.gmap.delete_difference	Perennial.GMap.delete_difference
Perennial.gmap.delete_empty	Perennial.GMap.delete_empty
Perennial.gmap.delete_idemp	Perennial.GMap.delete_idemp
Perennial.gmap.delete_insert	Perennial.GMap.delete_insert
Perennial.gmap.delete_insert_eq	Perennial.GMap.delete_insert_eq
Perennial.gmap.delete_insert_id	Perennial.GMap.delete_insert_id
Perennial.gmap.delete_insert_ne	Perennial.GMap.delete_insert_ne
Perennial.gmap.delete_notin	Perennial.GMap.delete_notin
Perennial.gmap.delete_singleton	Perennial.GMap.delete_singleton
Perennial.gmap.delete_subseteq	Perennial.GMap.delete_subseteq
Perennial.gmap.delete_union	Perennial.GMap.delete_union
Perennial.gmap.difference	Perennial.GMap.difference
Perennial.gmap.difference_diag_L	Perennial.GMap.difference_diag_L
Perennial.gmap.difference_empty_L	Perennial.GMap.difference_empty_L
Perennial.gmap.difference_subseteq	Perennial.GMap.difference_subseteq
Perennial.gmap.difference_union_L	Perennial.GMap.difference_union_L
Perennial.gmap.disjoint	Perennial.GMap.Disjoint
Perennial.gmap.disjoint_difference_l	Perennial.GMap.disjoint_difference_l
Perennial.gmap.disjoint_intersection_L	Perennial.GMap.disjoint_intersection_L
Perennial.gmap.disjoint_singleton_l	Perennial.GMap.disjoint_singleton_l
Perennial.gmap.disjoint_singleton_r	Perennial.GMap.disjoint_singleton_r
Perennial.gmap.disjoint_sym	Perennial.GMap.disjoint_sym
Perennial.gmap.disjoint_union_l	Perennial.GMap.disjoint_union_l
Perennial.gmap.disjoint_union_r	Perennial.GMap.disjoint_union_r
Perennial.gmap.dom	Perennial.GMap.dom
Perennial.gmap.domSet	Perennial.GMap.domSet
Perennial.gmap.dom_delete	Perennial.GMap.dom_delete
Perennial.gmap.dom_delete_L	Perennial.GMap.dom_delete_L
Perennial.gmap.dom_empty	Perennial.GMap.dom_empty
Perennial.gmap.dom_empty_L	Perennial.GMap.dom_empty_L
Perennial.gmap.dom_empty_iff	Perennial.GMap.dom_empty_iff
Perennial.gmap.dom_empty_iff_L	Perennial.GMap.dom_empty_iff_L
Perennial.gmap.dom_fmap	Perennial.GMap.dom_fmap
Perennial.gmap.dom_fmap_L	Perennial.GMap.dom_fmap_L
Perennial.gmap.dom_gset_to_gmap	Perennial.GMap.dom_gset_to_gmap
Perennial.gmap.dom_insert	Perennial.GMap.dom_insert
Perennial.gmap.dom_insert_L	Perennial.GMap.dom_insert_L
Perennial.gmap.dom_insert_lookup	Perennial.GMap.dom_insert_lookup
Perennial.gmap.dom_list	Perennial.GMap.domList
Perennial.gmap.dom_map_seq	Perennial.GMap.dom_map_seq
Perennial.gmap.dom_singleton	Perennial.GMap.dom_singleton
Perennial.gmap.dom_singleton_L	Perennial.GMap.dom_singleton_L
Perennial.gmap.dom_union	Perennial.GMap.dom_union
Perennial.gmap.dom_union_L	Perennial.GMap.dom_union_L
Perennial.gmap.elem_of_difference	Perennial.GMap.elem_of_difference
Perennial.gmap.elem_of_disjoint	Perennial.GMap.elem_of_disjoint
Perennial.gmap.elem_of_dom	Perennial.GMap.elem_of_dom
Perennial.gmap.elem_of_dom'	Perennial.GMap.elem_of_dom'
Perennial.gmap.elem_of_dom_2	Perennial.GMap.elem_of_dom_2
Perennial.gmap.elem_of_elements	Perennial.GMap.elem_of_elements
Perennial.gmap.elem_of_empty	Perennial.GMap.elem_of_empty
Perennial.gmap.elem_of_gset	Perennial.GMap.elem_of_gset
Perennial.gmap.elem_of_insert_set	Perennial.GMap.elem_of_insert_set
Perennial.gmap.elem_of_intersection	Perennial.GMap.elem_of_intersection
Perennial.gmap.elem_of_list_to_set	Perennial.GMap.elem_of_list_to_set
Perennial.gmap.elem_of_map_to_list	Perennial.GMap.elem_of_map_to_list
Perennial.gmap.elem_of_singleton	Perennial.GMap.elem_of_singleton
Perennial.gmap.elem_of_singleton_2	Perennial.GMap.elem_of_singleton_2
Perennial.gmap.elem_of_subseteq	Perennial.GMap.elem_of_subseteq
Perennial.gmap.elem_of_subseteq_singleton	Perennial.GMap.elem_of_subseteq_singleton
Perennial.gmap.elem_of_union	Perennial.GMap.elem_of_union
Perennial.gmap.elem_of_union_l	Perennial.GMap.elem_of_union_l
Perennial.gmap.elem_of_union_list	Perennial.GMap.elem_of_union_list
Perennial.gmap.elem_of_union_r	Perennial.GMap.elem_of_union_r
Perennial.gmap.elem_of_weaken	Perennial.GMap.elem_of_weaken
Perennial.gmap.elements	Perennial.GMap.elements
Perennial.gmap.empty	Perennial.GMap.empty
Perennial.gmap.empty_subseteq	Perennial.GMap.empty_subseteq
Perennial.gmap.ext	Perennial.GMap.ext
Perennial.gmap.ext_iff	Perennial.GMap.ext_iff
Perennial.gmap.ext_iff'	Perennial.GMap.ext_iff'
Perennial.gmap.filter	Perennial.GMap.filter
Perennial.gmap.finite	Perennial.GMap.finite
Perennial.gmap.fmap	Perennial.GMap.fmap
Perennial.gmap.fmap_delete	Perennial.GMap.fmap_delete
Perennial.gmap.fmap_empty	Perennial.GMap.fmap_empty
Perennial.gmap.fmap_eq	Perennial.GMap.fmap_eq
Perennial.gmap.fmap_insert	Perennial.GMap.fmap_insert
Perennial.gmap.gset_to_gmap	Perennial.GMap.gsetToGmap
Perennial.gmap.gset_to_gmap_empty	Perennial.GMap.gsetToGmap_empty
Perennial.gmap.gset_to_gmap_union_singleton	Perennial.GMap.gsetToGmap_union_singleton
Perennial.gmap.insert	Perennial.GMap.insert
Perennial.gmap.insert_commute	Perennial.GMap.insert_commute
Perennial.gmap.insert_delete	Perennial.GMap.insert_delete
Perennial.gmap.insert_delete_eq	Perennial.GMap.insert_delete_eq
Perennial.gmap.insert_delete_ne	Perennial.GMap.insert_delete_ne
Perennial.gmap.insert_empty	Perennial.GMap.insert_empty
Perennial.gmap.insert_id	Perennial.GMap.insert_id
Perennial.gmap.insert_insert	Perennial.GMap.insert_insert
Perennial.gmap.insert_mono	Perennial.GMap.insert_mono
Perennial.gmap.insert_singleton	Perennial.GMap.insert_singleton
Perennial.gmap.insert_subseteq	Perennial.GMap.insert_subseteq
Perennial.gmap.insert_subseteq_l	Perennial.GMap.insert_subseteq_l
Perennial.gmap.insert_union_l	Perennial.GMap.insert_union_l
Perennial.gmap.insert_union_r	Perennial.GMap.insert_union_r
Perennial.gmap.insert_union_singleton_l	Perennial.GMap.insert_union_singleton_l
Perennial.gmap.insert_union_singleton_r	Perennial.GMap.insert_union_singleton_r
Perennial.gmap.instDecidableMem	Perennial.GMap.instDecidableMem
Perennial.gmap.instEmptyCollection	Perennial.GMap.instEmptyCollection
Perennial.gmap.instFunctor	Perennial.GMap.instFunctor
Perennial.gmap.instHasSubset	Perennial.GMap.instHasSubset
Perennial.gmap.instInhabited	Perennial.GMap.instInhabited
Perennial.gmap.instInsertUnit	Perennial.GMap.instInsertUnit
Perennial.gmap.instInter	Perennial.GMap.instInter
Perennial.gmap.instLawfulFiniteMap	Perennial.GMap.instLawfulFiniteMap
Perennial.gmap.instMembership	Perennial.GMap.instMembership
Perennial.gmap.instPartialMap	Perennial.GMap.instPartialMap
Perennial.gmap.instSDiff	Perennial.GMap.instSDiff
Perennial.gmap.instSingletonUnit	Perennial.GMap.instSingletonUnit
Perennial.gmap.instUnion	Perennial.GMap.instUnion
Perennial.gmap.intersection	Perennial.GMap.intersection
Perennial.gmap.intersection_comm_L	Perennial.GMap.intersection_comm_L
Perennial.gmap.ite_isSome_eq	Perennial.GMap.ite_isSome_eq
Perennial.gmap.length_elements	Perennial.GMap.length_elements
Perennial.gmap.length_filterMap_of_isSome	Perennial.GMap.length_filterMap_of_isSome
Perennial.gmap.length_gmap_to_list	Perennial.GMap.length_gmap_to_list
Perennial.gmap.length_map_to_list	Perennial.GMap.length_map_to_list
Perennial.gmap.list_to_map	Perennial.GMap.listToMap
Perennial.gmap.list_to_set	Perennial.GMap.listToSet
Perennial.gmap.list_to_set.eq_def	Perennial.GMap.listToSet.eq_def
Perennial.gmap.list_to_set_app	Perennial.GMap.listToSet_app
Perennial.gmap.list_to_set_cons	Perennial.GMap.listToSet_cons
Perennial.gmap.list_to_set_elements	Perennial.GMap.listToSet_elements
Perennial.gmap.list_to_set_nil	Perennial.GMap.listToSet_nil
Perennial.gmap.lookup	Perennial.GMap.lookup
Perennial.gmap.lookup_delete	Perennial.GMap.lookup_delete
Perennial.gmap.lookup_delete_None	Perennial.GMap.lookup_delete_None
Perennial.gmap.lookup_delete_Some	Perennial.GMap.lookup_delete_Some
Perennial.gmap.lookup_delete_eq	Perennial.GMap.lookup_delete_eq
Perennial.gmap.lookup_delete_iff	Perennial.GMap.lookup_delete_iff
Perennial.gmap.lookup_delete_ne	Perennial.GMap.lookup_delete_ne
Perennial.gmap.lookup_difference	Perennial.GMap.lookup_difference
Perennial.gmap.lookup_domSet	Perennial.GMap.lookup_domSet
Perennial.gmap.lookup_empty	Perennial.GMap.lookup_empty
Perennial.gmap.lookup_empty_iff	Perennial.GMap.lookup_empty_iff
Perennial.gmap.lookup_filter	Perennial.GMap.lookup_filter
Perennial.gmap.lookup_fmap	Perennial.GMap.lookup_fmap
Perennial.gmap.lookup_fmap'	Perennial.GMap.lookup_fmap'
Perennial.gmap.lookup_fmap_Some	Perennial.GMap.lookup_fmap_Some
Perennial.gmap.lookup_gset_to_gmap	Perennial.GMap.lookup_gset_to_gmap
Perennial.gmap.lookup_gset_to_gmap_None	Perennial.GMap.lookup_gset_to_gmap_None
Perennial.gmap.lookup_gset_to_gmap_Some	Perennial.GMap.lookup_gset_to_gmap_Some
Perennial.gmap.lookup_insert	Perennial.GMap.lookup_insert
Perennial.gmap.lookup_insert_None	Perennial.GMap.lookup_insert_None
Perennial.gmap.lookup_insert_Some	Perennial.GMap.lookup_insert_Some
Perennial.gmap.lookup_insert_eq	Perennial.GMap.lookup_insert_eq
Perennial.gmap.lookup_insert_eq_iff	Perennial.GMap.lookup_insert_eq_iff
Perennial.gmap.lookup_insert_is_Some	Perennial.GMap.lookup_insert_is_Some
Perennial.gmap.lookup_insert_ne	Perennial.GMap.lookup_insert_ne
Perennial.gmap.lookup_inter	Perennial.GMap.lookup_inter
Perennial.gmap.lookup_intersection	Perennial.GMap.lookup_intersection
Perennial.gmap.lookup_map_seq	Perennial.GMap.lookup_map_seq
Perennial.gmap.lookup_map_seq_0	Perennial.GMap.lookup_map_seq_0
Perennial.gmap.lookup_map_seq_None	Perennial.GMap.lookup_map_seq_None
Perennial.gmap.lookup_mk	Perennial.GMap.lookup_mk
Perennial.gmap.lookup_sdiff	Perennial.GMap.lookup_sdiff
Perennial.gmap.lookup_singleton	Perennial.GMap.lookup_singleton
Perennial.gmap.lookup_singleton_None	Perennial.GMap.lookup_singleton_None
Perennial.gmap.lookup_singleton_Some	Perennial.GMap.lookup_singleton_Some
Perennial.gmap.lookup_singleton_eq	Perennial.GMap.lookup_singleton_eq
Perennial.gmap.lookup_singleton_iff	Perennial.GMap.lookup_singleton_iff
Perennial.gmap.lookup_singleton_ne	Perennial.GMap.lookup_singleton_ne
Perennial.gmap.lookup_union	Perennial.GMap.lookup_union
Perennial.gmap.lookup_union_None	Perennial.GMap.lookup_union_None
Perennial.gmap.lookup_union_Some	Perennial.GMap.lookup_union_Some
Perennial.gmap.lookup_union_Some_l	Perennial.GMap.lookup_union_Some_l
Perennial.gmap.lookup_union_Some_r	Perennial.GMap.lookup_union_Some_r
Perennial.gmap.lookup_union_Some_raw	Perennial.GMap.lookup_union_Some_raw
Perennial.gmap.lookup_union_l	Perennial.GMap.lookup_union_l
Perennial.gmap.lookup_union_l'	Perennial.GMap.lookup_union_l'
Perennial.gmap.lookup_union_r	Perennial.GMap.lookup_union_r
Perennial.gmap.lookup_weaken	Perennial.GMap.lookup_weaken
Perennial.gmap.map_Forall	Perennial.GMap.MapForall
Perennial.gmap.map_Forall2	Perennial.GMap.MapForall2
Perennial.gmap.map_Forall2_union	Perennial.GMap.mapForall2_union
Perennial.gmap.map_Forall_delete	Perennial.GMap.mapForall_delete
Perennial.gmap.map_Forall_empty	Perennial.GMap.mapForall_empty
Perennial.gmap.map_Forall_fmap	Perennial.GMap.mapForall_fmap
Perennial.gmap.map_Forall_impl	Perennial.GMap.mapForall_impl
Perennial.gmap.map_Forall_insert	Perennial.GMap.mapForall_insert
Perennial.gmap.map_Forall_insert_1_1	Perennial.GMap.mapForall_insert_1_1
Perennial.gmap.map_Forall_insert_2	Perennial.GMap.mapForall_insert_2
Perennial.gmap.map_Forall_lookup	Perennial.GMap.mapForall_lookup
Perennial.gmap.map_Forall_lookup_1	Perennial.GMap.mapForall_lookup_1
Perennial.gmap.map_Forall_singleton	Perennial.GMap.mapForall_singleton
Perennial.gmap.map_Forall_union	Perennial.GMap.mapForall_union
Perennial.gmap.map_difference_diag	Perennial.GMap.map_difference_diag
Perennial.gmap.map_difference_empty	Perennial.GMap.map_difference_empty
Perennial.gmap.map_difference_union	Perennial.GMap.map_difference_union
Perennial.gmap.map_difference_union'	Perennial.GMap.map_difference_union'
Perennial.gmap.map_disjoint_alt	Perennial.GMap.map_disjoint_alt
Perennial.gmap.map_disjoint_delete_l	Perennial.GMap.map_disjoint_delete_l
Perennial.gmap.map_disjoint_delete_r	Perennial.GMap.map_disjoint_delete_r
Perennial.gmap.map_disjoint_difference_l	Perennial.GMap.map_disjoint_difference_l
Perennial.gmap.map_disjoint_difference_r	Perennial.GMap.map_disjoint_difference_r
Perennial.gmap.map_disjoint_dom	Perennial.GMap.map_disjoint_dom
Perennial.gmap.map_disjoint_empty_l	Perennial.GMap.map_disjoint_empty_l
Perennial.gmap.map_disjoint_empty_r	Perennial.GMap.map_disjoint_empty_r
Perennial.gmap.map_disjoint_fmap	Perennial.GMap.map_disjoint_fmap
Perennial.gmap.map_disjoint_insert_l	Perennial.GMap.map_disjoint_insert_l
Perennial.gmap.map_disjoint_insert_r	Perennial.GMap.map_disjoint_insert_r
Perennial.gmap.map_disjoint_singleton_l	Perennial.GMap.map_disjoint_singleton_l
Perennial.gmap.map_disjoint_singleton_r	Perennial.GMap.map_disjoint_singleton_r
Perennial.gmap.map_disjoint_spec	Perennial.GMap.map_disjoint_spec
Perennial.gmap.map_disjoint_sym	Perennial.GMap.map_disjoint_sym
Perennial.gmap.map_disjoint_union_l	Perennial.GMap.map_disjoint_union_l
Perennial.gmap.map_disjoint_union_r	Perennial.GMap.map_disjoint_union_r
Perennial.gmap.map_empty	Perennial.GMap.mapEmpty
Perennial.gmap.map_empty_subseteq	Perennial.GMap.mapEmpty_subseteq
Perennial.gmap.map_empty_union	Perennial.GMap.mapEmpty_union
Perennial.gmap.map_eq	Perennial.GMap.map_eq
Perennial.gmap.map_eq_iff	Perennial.GMap.map_eq_iff
Perennial.gmap.map_filter_delete	Perennial.GMap.map_filter_delete
Perennial.gmap.map_filter_empty	Perennial.GMap.map_filter_empty
Perennial.gmap.map_filter_insert_False	Perennial.GMap.map_filter_insert_False
Perennial.gmap.map_filter_insert_True	Perennial.GMap.map_filter_insert_True
Perennial.gmap.map_filter_subseteq	Perennial.GMap.map_filter_subseteq
Perennial.gmap.map_fmap_compose	Perennial.GMap.map_fmap_compose
Perennial.gmap.map_fmap_difference	Perennial.GMap.map_fmap_difference
Perennial.gmap.map_fmap_ext	Perennial.GMap.map_fmap_ext
Perennial.gmap.map_fmap_id	Perennial.GMap.map_fmap_id
Perennial.gmap.map_fmap_singleton	Perennial.GMap.map_fmap_singleton
Perennial.gmap.map_fmap_union	Perennial.GMap.map_fmap_union
Perennial.gmap.map_fold	Perennial.GMap.mapFold
Perennial.gmap.map_fold_empty	Perennial.GMap.mapFold_empty
Perennial.gmap.map_fold_ind	Perennial.GMap.mapFold_ind
Perennial.gmap.map_fold_insert	Perennial.GMap.mapFold_insert
Perennial.gmap.map_ind	Perennial.GMap.map_ind
Perennial.gmap.map_lookup_filter_None	Perennial.GMap.mapLookup_filter_None
Perennial.gmap.map_lookup_filter_Some	Perennial.GMap.mapLookup_filter_Some
Perennial.gmap.map_seq	Perennial.GMap.mapSeq
Perennial.gmap.map_seq.eq_def	Perennial.GMap.mapSeq.eq_def
Perennial.gmap.map_seq_cons	Perennial.GMap.mapSeq_cons
Perennial.gmap.map_seq_cons_disjoint	Perennial.GMap.mapSeq_cons_disjoint
Perennial.gmap.map_seq_snoc	Perennial.GMap.mapSeq_snoc
Perennial.gmap.map_size_delete	Perennial.GMap.map_size_delete
Perennial.gmap.map_size_delete_None	Perennial.GMap.map_size_delete_None
Perennial.gmap.map_size_delete_Some	Perennial.GMap.map_size_delete_Some
Perennial.gmap.map_size_dom	Perennial.GMap.map_size_dom
Perennial.gmap.map_size_empty	Perennial.GMap.map_size_empty
Perennial.gmap.map_size_empty_iff	Perennial.GMap.map_size_empty_iff
Perennial.gmap.map_size_empty_inv	Perennial.GMap.map_size_empty_inv
Perennial.gmap.map_size_filter	Perennial.GMap.map_size_filter
Perennial.gmap.map_size_fmap	Perennial.GMap.map_size_fmap
Perennial.gmap.map_size_insert	Perennial.GMap.map_size_insert
Perennial.gmap.map_size_insert_None	Perennial.GMap.map_size_insert_None
Perennial.gmap.map_size_insert_Some	Perennial.GMap.map_size_insert_Some
Perennial.gmap.map_size_ne_0_lookup	Perennial.GMap.map_size_ne_0_lookup
Perennial.gmap.map_size_ne_0_lookup_2	Perennial.GMap.map_size_ne_0_lookup_2
Perennial.gmap.map_size_nonzero	Perennial.GMap.map_size_nonzero
Perennial.gmap.map_size_nonzero_lookup	Perennial.GMap.map_size_nonzero_lookup
Perennial.gmap.map_size_singleton	Perennial.GMap.map_size_singleton
Perennial.gmap.map_subset_dom_eq	Perennial.GMap.map_subset_dom_eq
Perennial.gmap.map_subseteq_antisymm	Perennial.GMap.map_subseteq_antisymm
Perennial.gmap.map_subseteq_refl	Perennial.GMap.map_subseteq_refl
Perennial.gmap.map_subseteq_size	Perennial.GMap.map_subseteq_size
Perennial.gmap.map_subseteq_spec	Perennial.GMap.map_subseteq_spec
Perennial.gmap.map_subseteq_trans	Perennial.GMap.map_subseteq_trans
Perennial.gmap.map_to_list	Perennial.GMap.mapToList
Perennial.gmap.map_to_list_delete	Perennial.GMap.mapToList_delete
Perennial.gmap.map_to_list_empty	Perennial.GMap.mapToList_empty
Perennial.gmap.map_to_list_insert	Perennial.GMap.mapToList_insert
Perennial.gmap.map_union_assoc	Perennial.GMap.map_union_assoc
Perennial.gmap.map_union_comm	Perennial.GMap.map_union_comm
Perennial.gmap.map_union_dom_pair_eq	Perennial.GMap.map_union_dom_pair_eq
Perennial.gmap.map_union_empty	Perennial.GMap.map_union_empty
Perennial.gmap.map_union_idemp	Perennial.GMap.map_union_idemp
Perennial.gmap.map_union_subseteq_l	Perennial.GMap.map_union_subseteq_l
Perennial.gmap.map_union_subseteq_r	Perennial.GMap.map_union_subseteq_r
Perennial.gmap.mem_dom_list	Perennial.GMap.mem_dom_list
Perennial.gmap.mem_iff	Perennial.GMap.mem_iff
Perennial.gmap.mem_toList	Perennial.GMap.mem_toList
Perennial.gmap.mk	Perennial.GMap.mk
Perennial.gmap.mk.congr_simp	Perennial.GMap.mk.congr_simp
Perennial.gmap.mk.inj	Perennial.GMap.mk.inj
Perennial.gmap.mk.injEq	Perennial.GMap.mk.injEq
Perennial.gmap.mk.noConfusion	Perennial.GMap.mk.noConfusion
Perennial.gmap.mk.sizeOf_spec	Perennial.GMap.mk.sizeOf_spec
Perennial.gmap.noConfusion	Perennial.GMap.noConfusion
Perennial.gmap.noConfusionType	Perennial.GMap.noConfusionType
Perennial.gmap.nodup_dom_list	Perennial.GMap.nodup_dom_list
Perennial.gmap.not_elem_of_dom	Perennial.GMap.not_elem_of_dom
Perennial.gmap.not_elem_of_dom_1	Perennial.GMap.not_elem_of_dom_1
Perennial.gmap.not_elem_of_dom_2	Perennial.GMap.not_elem_of_dom_2
Perennial.gmap.not_elem_of_empty	Perennial.GMap.not_elem_of_empty
Perennial.gmap.not_elem_of_singleton	Perennial.GMap.not_elem_of_singleton
Perennial.gmap.not_elem_of_union	Perennial.GMap.not_elem_of_union
Perennial.gmap.ofList	Perennial.GMap.ofList
Perennial.gmap.option_filter_match	Perennial.GMap.option_filter_match
Perennial.gmap.option_map_match	Perennial.GMap.option_map_match
Perennial.gmap.option_or_match	Perennial.GMap.option_or_match
Perennial.gmap.rec	Perennial.GMap.rec
Perennial.gmap.recOn	Perennial.GMap.recOn
Perennial.gmap.set_choose_L	Perennial.GMap.set_choose_L
Perennial.gmap.set_eq	Perennial.GMap.set_eq
Perennial.gmap.set_eq_iff	Perennial.GMap.set_eq_iff
Perennial.gmap.set_ind_L	Perennial.GMap.set_ind_L
Perennial.gmap.set_subseteq_size_eq	Perennial.GMap.set_subseteq_size_eq
Perennial.gmap.singleton	Perennial.GMap.singleton
Perennial.gmap.singleton_subseteq_l	Perennial.GMap.singleton_subseteq_l
Perennial.gmap.singleton_union_difference	Perennial.GMap.singleton_union_difference
Perennial.gmap.size	Perennial.GMap.size
Perennial.gmap.size.congr_simp	Perennial.GMap.size.congr_simp
Perennial.gmap.size_1_elem_of	Perennial.GMap.size_1_elem_of
Perennial.gmap.size_difference	Perennial.GMap.size_difference
Perennial.gmap.size_dom	Perennial.GMap.size_dom
Perennial.gmap.size_empty	Perennial.GMap.size_empty
Perennial.gmap.size_empty_iff	Perennial.GMap.size_empty_iff
Perennial.gmap.size_eq_dom_list_length	Perennial.GMap.size_eq_dom_list_length
Perennial.gmap.size_eq_length	Perennial.GMap.size_eq_length
Perennial.gmap.size_eq_length_set	Perennial.GMap.size_eq_length_set
Perennial.gmap.size_list_to_map	Perennial.GMap.size_list_to_map
Perennial.gmap.size_list_to_set	Perennial.GMap.size_list_to_set
Perennial.gmap.size_pos_elem_of	Perennial.GMap.size_pos_elem_of
Perennial.gmap.size_singleton	Perennial.GMap.size_singleton
Perennial.gmap.size_union	Perennial.GMap.size_union
Perennial.gmap.size_union_alt	Perennial.GMap.size_union_alt
Perennial.gmap.subseteq	Perennial.GMap.Subseteq
Perennial.gmap.subseteq_dom	Perennial.GMap.subseteq_dom
Perennial.gmap.subseteq_refl	Perennial.GMap.subseteq_refl
Perennial.gmap.subseteq_size	Perennial.GMap.subseteq_size
Perennial.gmap.tacticCases_lookups	Perennial.GMap.tacticCases_lookups
Perennial.gmap.tacticSet_solver	Perennial.GMap.tacticSet_solver
Perennial.gmap.toList	Perennial.GMap.toList
Perennial.gmap.toList_empty	Perennial.GMap.toList_empty
Perennial.gmap.toList_keys_nodup	Perennial.GMap.toList_keys_nodup
Perennial.gmap.unexpandInsert	Perennial.GMap.unexpandInsert
Perennial.gmap.unexpandLookup	Perennial.GMap.unexpandLookup
Perennial.gmap.union	Perennial.GMap.union
Perennial.gmap.union_assoc_L	Perennial.GMap.union_assoc_L
Perennial.gmap.union_comm_L	Perennial.GMap.union_comm_L
Perennial.gmap.union_delete_insert	Perennial.GMap.union_delete_insert
Perennial.gmap.union_difference_L	Perennial.GMap.union_difference_L
Perennial.gmap.union_empty_l_L	Perennial.GMap.union_empty_l_L
Perennial.gmap.union_empty_r_L	Perennial.GMap.union_empty_r_L
Perennial.gmap.union_idemp_L	Perennial.GMap.union_idemp_L
Perennial.gmap.union_list	Perennial.GMap.unionList
Perennial.gmap.union_list.eq_def	Perennial.GMap.unionList.eq_def
Perennial.gmap.union_list_app	Perennial.GMap.unionList_app
Perennial.gmap.union_subseteq	Perennial.GMap.union_subseteq
Perennial.gmap.union_subseteq_l	Perennial.GMap.union_subseteq_l
Perennial.gmap.union_subseteq_r	Perennial.GMap.union_subseteq_r
Perennial.gmap_curry	Perennial.gmapCurry
Perennial.gmap_curry_inner	Perennial.gmapCurryInner
Perennial.gmap_curry_insert	Perennial.gmapCurry_insert
Perennial.gmap_curry_insert_delete	Perennial.gmapCurry_insert_delete
Perennial.gmap_curry_lookup	Perennial.gmapCurry_lookup
Perennial.gmap_curry_lookup_exists	Perennial.gmapCurry_lookup_exists
Perennial.gmap_curry_lookup_iff	Perennial.gmapCurry_lookup_iff
Perennial.go.ArraySemantics.array_index_ref_add	Perennial.go.ArraySemantics.arrayIndexRef_add
Perennial.go.ArraySemantics.array_index_ref_add_loc_add	Perennial.go.ArraySemantics.arrayIndexRef_add_loc_add
Perennial.go.ArraySemantics.array_index_ref_null_inv	Perennial.go.ArraySemantics.arrayIndexRef_null_inv
Perennial.go.ArraySemantics.full_slice_array_step_pure	Perennial.go.ArraySemantics.fullSlice_array_step_pure
Perennial.go.ArraySemantics.into_val_inj_array	Perennial.go.ArraySemantics.intoVal_inj_array
Perennial.go.BasicIntoValInj.into_val_inj_bool	Perennial.go.BasicIntoValInj.intoVal_inj_bool
Perennial.go.BasicIntoValInj.into_val_inj_interface	Perennial.go.BasicIntoValInj.intoVal_inj_interface
Perennial.go.BasicIntoValInj.into_val_inj_loc	Perennial.go.BasicIntoValInj.intoVal_inj_loc
Perennial.go.BasicIntoValInj.into_val_inj_proph_id	Perennial.go.BasicIntoValInj.intoVal_inj_proph_id
Perennial.go.BasicIntoValInj.into_val_inj_slice	Perennial.go.BasicIntoValInj.intoVal_inj_slice
Perennial.go.BasicIntoValInj.into_val_inj_string	Perennial.go.BasicIntoValInj.intoVal_inj_string
Perennial.go.BasicIntoValInj.into_val_inj_w16	Perennial.go.BasicIntoValInj.intoVal_inj_w16
Perennial.go.BasicIntoValInj.into_val_inj_w32	Perennial.go.BasicIntoValInj.intoVal_inj_w32
Perennial.go.BasicIntoValInj.into_val_inj_w64	Perennial.go.BasicIntoValInj.intoVal_inj_w64
Perennial.go.BasicIntoValInj.into_val_inj_w8	Perennial.go.BasicIntoValInj.intoVal_inj_w8
Perennial.go.CoreSemantics.full_slice_underlying	Perennial.go.CoreSemantics.fullSlice_underlying
Perennial.go.CoreSemantics.into_val_unfold_bool	Perennial.go.CoreSemantics.intoVal_unfold_bool
Perennial.go.CoreSemantics.into_val_unfold_func	Perennial.go.CoreSemantics.intoVal_unfold_func
Perennial.go.CoreSemantics.into_val_unfold_loc	Perennial.go.CoreSemantics.intoVal_unfold_loc
Perennial.go.CoreSemantics.into_val_unfold_string	Perennial.go.CoreSemantics.intoVal_unfold_string
Perennial.go.CoreSemantics.into_val_unfold_unit	Perennial.go.CoreSemantics.intoVal_unfold_unit
Perennial.go.CoreSemantics.into_val_unfold_w16	Perennial.go.CoreSemantics.intoVal_unfold_w16
Perennial.go.CoreSemantics.into_val_unfold_w32	Perennial.go.CoreSemantics.intoVal_unfold_w32
Perennial.go.CoreSemantics.into_val_unfold_w64	Perennial.go.CoreSemantics.intoVal_unfold_w64
Perennial.go.CoreSemantics.into_val_unfold_w8	Perennial.go.CoreSemantics.intoVal_unfold_w8
Perennial.go.GlobalAlloc_def	Perennial.go.GlobalAllocDef
Perennial.go.IntoValInj.into_val_inj	Perennial.go.IntoValInj.intoVal_inj
Perennial.go.IntoValUnfold.into_val_unfold	Perennial.go.IntoValUnfold.intoVal_unfold
Perennial.go.IsGoStepPureDet.is_go_step_det	Perennial.go.IsGoStepPureDet.isGoStep_det
Perennial.go.IsGoStepPureDet.is_go_step_pure_det	Perennial.go.IsGoStepPureDet.isGoStep_pure_det
Perennial.go.IsGoStepPureDetTagged.is_go_step_det_internal	Perennial.go.IsGoStepPureDetTagged.isGoStep_det_internal
Perennial.go.MapSemantics.map_default_map_delete	Perennial.go.MapSemantics.mapDefault_map_delete
Perennial.go.MapSemantics.map_default_map_empty	Perennial.go.MapSemantics.mapDefault_map_empty
Perennial.go.MapSemantics.map_default_map_insert	Perennial.go.MapSemantics.mapDefault_map_insert
Perennial.go.MapSemantics.map_lookup_pure	Perennial.go.MapSemantics.mapLookup_pure
Perennial.go.SliceSemantics.array_index_ref_0	Perennial.go.SliceSemantics.arrayIndexRef_0
Perennial.go.SliceSemantics.full_slice_slice_step_pure	Perennial.go.SliceSemantics.fullSlice_slice_step_pure
Perennial.go.array_literal_size	Perennial.go.arrayLiteralSize
Perennial.go.elems_fingerprint	Perennial.go.elemsFingerprint
Perennial.go.elems_toTree	Perennial.go.elemsToTree
Perennial.go.elems_toTree_inj	Perennial.go.elemsToTree_inj
Perennial.go.fields_fingerprint	Perennial.go.fieldsFingerprint
Perennial.go.fields_toTree	Perennial.go.fieldsToTree
Perennial.go.fields_toTree_inj	Perennial.go.fieldsToTree_inj
Perennial.go.go_string_le	Perennial.go.GoStringLe
Perennial.go.go_string_le_dec	Perennial.go.goStringLe_dec
Perennial.go.go_string_lt	Perennial.go.GoStringLt
Perennial.go.go_string_lt_dec	Perennial.go.goStringLt_dec
Perennial.go.identifier	Perennial.go.Identifier
Perennial.go.into_val_unfold	Perennial.go.intoVal_unfold
Perennial.go.is_interface_type	Perennial.go.isInterfaceType
Perennial.go.is_predeclared	Perennial.go.IsPredeclared
Perennial.go.is_predeclared.casesOn	Perennial.go.IsPredeclared.casesOn
Perennial.go.is_predeclared.is_predeclared_Pointer	Perennial.go.IsPredeclared.isPredeclared_Pointer
Perennial.go.is_predeclared.is_predeclared_bool	Perennial.go.IsPredeclared.isPredeclared_bool
Perennial.go.is_predeclared.is_predeclared_float32	Perennial.go.IsPredeclared.isPredeclared_float32
Perennial.go.is_predeclared.is_predeclared_float64	Perennial.go.IsPredeclared.isPredeclared_float64
Perennial.go.is_predeclared.is_predeclared_int	Perennial.go.IsPredeclared.isPredeclared_int
Perennial.go.is_predeclared.is_predeclared_int16	Perennial.go.IsPredeclared.isPredeclared_int16
Perennial.go.is_predeclared.is_predeclared_int32	Perennial.go.IsPredeclared.isPredeclared_int32
Perennial.go.is_predeclared.is_predeclared_int64	Perennial.go.IsPredeclared.isPredeclared_int64
Perennial.go.is_predeclared.is_predeclared_int8	Perennial.go.IsPredeclared.isPredeclared_int8
Perennial.go.is_predeclared.is_predeclared_proph_id	Perennial.go.IsPredeclared.isPredeclared_proph_id
Perennial.go.is_predeclared.is_predeclared_string	Perennial.go.IsPredeclared.isPredeclared_string
Perennial.go.is_predeclared.is_predeclared_uint	Perennial.go.IsPredeclared.isPredeclared_uint
Perennial.go.is_predeclared.is_predeclared_uint16	Perennial.go.IsPredeclared.isPredeclared_uint16
Perennial.go.is_predeclared.is_predeclared_uint32	Perennial.go.IsPredeclared.isPredeclared_uint32
Perennial.go.is_predeclared.is_predeclared_uint64	Perennial.go.IsPredeclared.isPredeclared_uint64
Perennial.go.is_predeclared.is_predeclared_uint8	Perennial.go.IsPredeclared.isPredeclared_uint8
Perennial.go.is_predeclared.is_predeclared_uintptr	Perennial.go.IsPredeclared.isPredeclared_uintptr
Perennial.go.is_predeclared.rec	Perennial.go.IsPredeclared.rec
Perennial.go.is_predeclared.recOn	Perennial.go.IsPredeclared.recOn
Perennial.go.is_primitive	Perennial.go.IsPrimitive
Perennial.go.is_primitive.casesOn	Perennial.go.IsPrimitive.casesOn
Perennial.go.is_primitive.is_primitive_channel	Perennial.go.IsPrimitive.isPrimitive_channel
Perennial.go.is_primitive.is_primitive_function	Perennial.go.IsPrimitive.isPrimitive_function
Perennial.go.is_primitive.is_primitive_interface	Perennial.go.IsPrimitive.isPrimitive_interface
Perennial.go.is_primitive.is_primitive_map	Perennial.go.IsPrimitive.isPrimitive_map
Perennial.go.is_primitive.is_primitive_pointer	Perennial.go.IsPrimitive.isPrimitive_pointer
Perennial.go.is_primitive.is_primitive_slice	Perennial.go.IsPrimitive.isPrimitive_slice
Perennial.go.is_primitive.rec	Perennial.go.IsPrimitive.rec
Perennial.go.is_primitive.recOn	Perennial.go.IsPrimitive.recOn
Perennial.go.is_primitive_zero_val	Perennial.go.IsPrimitiveZeroVal
Perennial.go.is_primitive_zero_val.casesOn	Perennial.go.IsPrimitiveZeroVal.casesOn
Perennial.go.is_primitive_zero_val.is_primitive_zero_val_channel	Perennial.go.IsPrimitiveZeroVal.isPrimitiveZeroVal_channel
Perennial.go.is_primitive_zero_val.is_primitive_zero_val_function	Perennial.go.IsPrimitiveZeroVal.isPrimitiveZeroVal_function
Perennial.go.is_primitive_zero_val.is_primitive_zero_val_map	Perennial.go.IsPrimitiveZeroVal.isPrimitiveZeroVal_map
Perennial.go.is_primitive_zero_val.is_primitive_zero_val_pointer	Perennial.go.IsPrimitiveZeroVal.isPrimitiveZeroVal_pointer
Perennial.go.is_primitive_zero_val.is_primitive_zero_val_slice	Perennial.go.IsPrimitiveZeroVal.isPrimitiveZeroVal_slice
Perennial.go.is_primitive_zero_val.is_primitive_zero_valinterface	Perennial.go.IsPrimitiveZeroVal.isPrimitive_zero_valinterface
Perennial.go.is_primitive_zero_val.rec	Perennial.go.IsPrimitiveZeroVal.rec
Perennial.go.is_primitive_zero_val.recOn	Perennial.go.IsPrimitiveZeroVal.recOn
Perennial.go.is_untyped_nil	Perennial.go.isUntypedNil
Perennial.go.sig_fingerprint	Perennial.go.sigFingerprint
Perennial.go.str_fingerprint	Perennial.go.strFingerprint
Perennial.go.string_to_go_string	Perennial.go.stringToGoString
Perennial.go.struct_field_type	Perennial.go.structFieldType
Perennial.go.struct_field_type.eq_def	Perennial.go.structFieldType.eq_def
Perennial.go.type_fingerprint	Perennial.go.typeFingerprint
Perennial.go.type_name	Perennial.go.TypeName
Perennial.go.type_set_contains	Perennial.go.typeSetContains
Perennial.go.type_set_elem_contains	Perennial.go.typeSetElemContains
Perennial.go.type_set_elems_contains	Perennial.go.typeSetElemsContains
Perennial.go.type_set_term_contains	Perennial.go.typeSetTermContains
Perennial.go.type_to_string	Perennial.go.typeToString
Perennial.go.types_fingerprint	Perennial.go.typesFingerprint
Perennial.go.types_toTree	Perennial.go.typesToTree
Perennial.go.types_toTree_inj	Perennial.go.typesToTree_inj
Perennial.go_etcd_io.etcd.api.v3.authpb.get_is_pkg_init_wf_inst	Perennial.go_etcd_io.etcd.api.v3.authpb.get_isPkgInit_wf_inst
Perennial.go_etcd_io.etcd.api.v3.authpb.is_pkg_init_inst	Perennial.go_etcd_io.etcd.api.v3.authpb.isPkgInit_inst
Perennial.go_etcd_io.etcd.api.v3.etcdserverpb.get_is_pkg_init_wf_inst	Perennial.go_etcd_io.etcd.api.v3.etcdserverpb.get_isPkgInit_wf_inst
Perennial.go_etcd_io.etcd.api.v3.etcdserverpb.is_RaftRequest_marshalled	Perennial.go_etcd_io.etcd.api.v3.etcdserverpb.IsRaftRequestMarshalled
Perennial.go_etcd_io.etcd.api.v3.etcdserverpb.is_pkg_init_inst	Perennial.go_etcd_io.etcd.api.v3.etcdserverpb.isPkgInit_inst
Perennial.go_etcd_io.etcd.api.v3.etcdserverpb.own_InternalRaftRequest	Perennial.go_etcd_io.etcd.api.v3.etcdserverpb.ownInternalRaftRequest
Perennial.go_etcd_io.etcd.api.v3.etcdserverpb.own_InternalRaftRequest_new_header	Perennial.go_etcd_io.etcd.api.v3.etcdserverpb.ownInternalRaftRequest_new_header
Perennial.go_etcd_io.etcd.api.v3.etcdserverpb.wp_InternalRaftRequest__Marshal	Perennial.go_etcd_io.etcd.api.v3.etcdserverpb.InternalRaftRequest.wp_Marshal
Perennial.go_etcd_io.etcd.api.v3.membershippb.get_is_pkg_init_wf_inst	Perennial.go_etcd_io.etcd.api.v3.membershippb.get_isPkgInit_wf_inst
Perennial.go_etcd_io.etcd.api.v3.membershippb.is_pkg_init_inst	Perennial.go_etcd_io.etcd.api.v3.membershippb.isPkgInit_inst
Perennial.go_etcd_io.etcd.api.v3.mvccpb.get_is_pkg_init_wf_inst	Perennial.go_etcd_io.etcd.api.v3.mvccpb.get_isPkgInit_wf_inst
Perennial.go_etcd_io.etcd.api.v3.mvccpb.is_pkg_init_inst	Perennial.go_etcd_io.etcd.api.v3.mvccpb.isPkgInit_inst
Perennial.go_etcd_io.etcd.cache.v3_proof.Cache_Get_callee_specs	Perennial.go_etcd_io.etcd.cache.v3_proof.CacheGetCalleeSpecs
Perennial.go_etcd_io.etcd.cache.v3_proof.Cache_Get_callee_specs.casesOn	Perennial.go_etcd_io.etcd.cache.v3_proof.CacheGetCalleeSpecs.casesOn
Perennial.go_etcd_io.etcd.cache.v3_proof.Cache_Get_callee_specs.mk	Perennial.go_etcd_io.etcd.cache.v3_proof.CacheGetCalleeSpecs.mk
Perennial.go_etcd_io.etcd.cache.v3_proof.Cache_Get_callee_specs.rec	Perennial.go_etcd_io.etcd.cache.v3_proof.CacheGetCalleeSpecs.rec
Perennial.go_etcd_io.etcd.cache.v3_proof.Cache_Get_callee_specs.recOn	Perennial.go_etcd_io.etcd.cache.v3_proof.CacheGetCalleeSpecs.recOn
Perennial.go_etcd_io.etcd.cache.v3_proof.Cache_Get_callee_specs.wp_Cache__WaitReady	Perennial.go_etcd_io.etcd.cache.v3_proof.CacheGetCalleeSpecs.wp_Cache_WaitReady
Perennial.go_etcd_io.etcd.cache.v3_proof.Cache_Get_callee_specs.wp_Cache__serverRevision	Perennial.go_etcd_io.etcd.cache.v3_proof.CacheGetCalleeSpecs.wp_Cache_serverRevision
Perennial.go_etcd_io.etcd.cache.v3_proof.Cache_Get_callee_specs.wp_Cache__validateGet	Perennial.go_etcd_io.etcd.cache.v3_proof.CacheGetCalleeSpecs.wp_Cache_validateGet
Perennial.go_etcd_io.etcd.cache.v3_proof.Cache_Get_callee_specs.wp_Cache__waitTillRevision	Perennial.go_etcd_io.etcd.cache.v3_proof.CacheGetCalleeSpecs.wp_Cache_waitTillRevision
Perennial.go_etcd_io.etcd.cache.v3_proof.Cache_Get_callee_specs.wp_store__Get	Perennial.go_etcd_io.etcd.cache.v3_proof.CacheGetCalleeSpecs.wp_store_Get
Perennial.go_etcd_io.etcd.cache.v3_proof.get_is_pkg_init_wf_inst	Perennial.go_etcd_io.etcd.cache.v3_proof.get_isPkgInit_wf_inst
Perennial.go_etcd_io.etcd.cache.v3_proof.is_etcd_kvs	Perennial.go_etcd_io.etcd.cache.v3_proof.isEtcdKvs
Perennial.go_etcd_io.etcd.cache.v3_proof.is_init	Perennial.go_etcd_io.etcd.cache.v3_proof.isInit
Perennial.go_etcd_io.etcd.cache.v3_proof.is_init_access	Perennial.go_etcd_io.etcd.cache.v3_proof.isInit_access
Perennial.go_etcd_io.etcd.cache.v3_proof.is_kvItem	Perennial.go_etcd_io.etcd.cache.v3_proof.isKvItem
Perennial.go_etcd_io.etcd.cache.v3_proof.is_pkg_init_inst	Perennial.go_etcd_io.etcd.cache.v3_proof.isPkgInit_inst
Perennial.go_etcd_io.etcd.cache.v3_proof.is_rpctypes_init	Perennial.go_etcd_io.etcd.cache.v3_proof.isRpctypesInit
Perennial.go_etcd_io.etcd.cache.v3_proof.is_rpctypes_init_access	Perennial.go_etcd_io.etcd.cache.v3_proof.isRpctypesInit_access
Perennial.go_etcd_io.etcd.cache.v3_proof.is_snapshotItem	Perennial.go_etcd_io.etcd.cache.v3_proof.isSnapshotItem
Perennial.go_etcd_io.etcd.cache.v3_proof.is_snapshotItem_pers	Perennial.go_etcd_io.etcd.cache.v3_proof.isSnapshotItem_pers
Perennial.go_etcd_io.etcd.cache.v3_proof.iter_itemvs	Perennial.go_etcd_io.etcd.cache.v3_proof.iterItemvs
Perennial.go_etcd_io.etcd.cache.v3_proof.kvItem	Perennial.go_etcd_io.etcd.cache.v3_proof.KvItem
Perennial.go_etcd_io.etcd.cache.v3_proof.less_kvItem	Perennial.go_etcd_io.etcd.cache.v3_proof.LessKvItem
Perennial.go_etcd_io.etcd.cache.v3_proof.ordered_kvs_to_map	Perennial.go_etcd_io.etcd.cache.v3_proof.orderedKvsToMap
Perennial.go_etcd_io.etcd.cache.v3_proof.own_BTree_discard_persistent	Perennial.go_etcd_io.etcd.cache.v3_proof.ownBTree_discard_persistent
Perennial.go_etcd_io.etcd.cache.v3_proof.own_Cache	Perennial.go_etcd_io.etcd.cache.v3_proof.ownCache
Perennial.go_etcd_io.etcd.cache.v3_proof.own_ringBuffer	Perennial.go_etcd_io.etcd.cache.v3_proof.ownRingBuffer
Perennial.go_etcd_io.etcd.cache.v3_proof.own_store	Perennial.go_etcd_io.etcd.cache.v3_proof.ownStore
Perennial.go_etcd_io.etcd.cache.v3_proof.rev_snapshotItem	Perennial.go_etcd_io.etcd.cache.v3_proof.revSnapshotItem
Perennial.go_etcd_io.etcd.cache.v3_proof.snap	Perennial.go_etcd_io.etcd.cache.v3_proof.Snap
Perennial.go_etcd_io.etcd.cache.v3_proof.store_names	Perennial.go_etcd_io.etcd.cache.v3_proof.StoreNames
Perennial.go_etcd_io.etcd.cache.v3_proof.store_names.casesOn	Perennial.go_etcd_io.etcd.cache.v3_proof.StoreNames.casesOn
Perennial.go_etcd_io.etcd.cache.v3_proof.store_names.ctorIdx	Perennial.go_etcd_io.etcd.cache.v3_proof.StoreNames.ctorIdx
Perennial.go_etcd_io.etcd.cache.v3_proof.store_names.latest_rev_gn	Perennial.go_etcd_io.etcd.cache.v3_proof.StoreNames.latestRevGn
Perennial.go_etcd_io.etcd.cache.v3_proof.store_names.mk	Perennial.go_etcd_io.etcd.cache.v3_proof.StoreNames.mk
Perennial.go_etcd_io.etcd.cache.v3_proof.store_names.mk.inj	Perennial.go_etcd_io.etcd.cache.v3_proof.StoreNames.mk.inj
Perennial.go_etcd_io.etcd.cache.v3_proof.store_names.mk.injEq	Perennial.go_etcd_io.etcd.cache.v3_proof.StoreNames.mk.injEq
Perennial.go_etcd_io.etcd.cache.v3_proof.store_names.mk.noConfusion	Perennial.go_etcd_io.etcd.cache.v3_proof.StoreNames.mk.noConfusion
Perennial.go_etcd_io.etcd.cache.v3_proof.store_names.mk.sizeOf_spec	Perennial.go_etcd_io.etcd.cache.v3_proof.StoreNames.mk.sizeOf_spec
Perennial.go_etcd_io.etcd.cache.v3_proof.store_names.noConfusion	Perennial.go_etcd_io.etcd.cache.v3_proof.StoreNames.noConfusion
Perennial.go_etcd_io.etcd.cache.v3_proof.store_names.noConfusionType	Perennial.go_etcd_io.etcd.cache.v3_proof.StoreNames.noConfusionType
Perennial.go_etcd_io.etcd.cache.v3_proof.store_names.rec	Perennial.go_etcd_io.etcd.cache.v3_proof.StoreNames.rec
Perennial.go_etcd_io.etcd.cache.v3_proof.store_names.recOn	Perennial.go_etcd_io.etcd.cache.v3_proof.StoreNames.recOn
Perennial.go_etcd_io.etcd.cache.v3_proof.wp_Cache__Get	Perennial.go_etcd_io.etcd.cache.v3_proof.Cache.wp_Get
Perennial.go_etcd_io.etcd.cache.v3_proof.wp_ringBuffer__DescendLessOrEqual	Perennial.go_etcd_io.etcd.cache.v3_proof.ringBuffer.wp_DescendLessOrEqual
Perennial.go_etcd_io.etcd.cache.v3_proof.wp_ringBuffer__PeekOldest	Perennial.go_etcd_io.etcd.cache.v3_proof.ringBuffer.wp_PeekOldest
Perennial.go_etcd_io.etcd.cache.v3_proof.wp_store__LatestRev	Perennial.go_etcd_io.etcd.cache.v3_proof.store.wp_LatestRev
Perennial.go_etcd_io.etcd.cache.v3_proof.wp_store__getSnapshot	Perennial.go_etcd_io.etcd.cache.v3_proof.store.wp_getSnapshot
Perennial.go_etcd_io.etcd.client.v3.concurrency.get_is_pkg_init_wf_inst	Perennial.go_etcd_io.etcd.client.v3.concurrency.get_isPkgInit_wf_inst
Perennial.go_etcd_io.etcd.client.v3.concurrency.is_Session	Perennial.go_etcd_io.etcd.client.v3.concurrency.isSession
Perennial.go_etcd_io.etcd.client.v3.concurrency.is_Session_def	Perennial.go_etcd_io.etcd.client.v3.concurrency.isSessionDef
Perennial.go_etcd_io.etcd.client.v3.concurrency.is_Session_pers	Perennial.go_etcd_io.etcd.client.v3.concurrency.isSession_pers
Perennial.go_etcd_io.etcd.client.v3.concurrency.is_Session_unseal	Perennial.go_etcd_io.etcd.client.v3.concurrency.isSession_unseal
Perennial.go_etcd_io.etcd.client.v3.concurrency.is_pkg_init_inst	Perennial.go_etcd_io.etcd.client.v3.concurrency.isPkgInit_inst
Perennial.go_etcd_io.etcd.client.v3.concurrency.wp_Session__Done	Perennial.go_etcd_io.etcd.client.v3.concurrency.Session.wp_Done
Perennial.go_etcd_io.etcd.client.v3.concurrency.wp_Session__Lease	Perennial.go_etcd_io.etcd.client.v3.concurrency.Session.wp_Lease
Perennial.go_etcd_io.etcd.client.v3.leasing.get_is_pkg_init_wf_inst	Perennial.go_etcd_io.etcd.client.v3.leasing.get_isPkgInit_wf_inst
Perennial.go_etcd_io.etcd.client.v3.leasing.is_entries_ready	Perennial.go_etcd_io.etcd.client.v3.leasing.isEntriesReady
Perennial.go_etcd_io.etcd.client.v3.leasing.is_pkg_init_inst	Perennial.go_etcd_io.etcd.client.v3.leasing.isPkgInit_inst
Perennial.go_etcd_io.etcd.client.v3.leasing.leasingKV_names	Perennial.go_etcd_io.etcd.client.v3.leasing.LeasingKVNames
Perennial.go_etcd_io.etcd.client.v3.leasing.leasingKV_names.casesOn	Perennial.go_etcd_io.etcd.client.v3.leasing.LeasingKVNames.casesOn
Perennial.go_etcd_io.etcd.client.v3.leasing.leasingKV_names.ctorIdx	Perennial.go_etcd_io.etcd.client.v3.leasing.LeasingKVNames.ctorIdx
Perennial.go_etcd_io.etcd.client.v3.leasing.leasingKV_names.entries_ready_gn	Perennial.go_etcd_io.etcd.client.v3.leasing.LeasingKVNames.entriesReadyGn
Perennial.go_etcd_io.etcd.client.v3.leasing.leasingKV_names.etcd_gn	Perennial.go_etcd_io.etcd.client.v3.leasing.LeasingKVNames.etcdGn
Perennial.go_etcd_io.etcd.client.v3.leasing.leasingKV_names.mk	Perennial.go_etcd_io.etcd.client.v3.leasing.LeasingKVNames.mk
Perennial.go_etcd_io.etcd.client.v3.leasing.leasingKV_names.mk.inj	Perennial.go_etcd_io.etcd.client.v3.leasing.LeasingKVNames.mk.inj
Perennial.go_etcd_io.etcd.client.v3.leasing.leasingKV_names.mk.injEq	Perennial.go_etcd_io.etcd.client.v3.leasing.LeasingKVNames.mk.injEq
Perennial.go_etcd_io.etcd.client.v3.leasing.leasingKV_names.mk.noConfusion	Perennial.go_etcd_io.etcd.client.v3.leasing.LeasingKVNames.mk.noConfusion
Perennial.go_etcd_io.etcd.client.v3.leasing.leasingKV_names.mk.sizeOf_spec	Perennial.go_etcd_io.etcd.client.v3.leasing.LeasingKVNames.mk.sizeOf_spec
Perennial.go_etcd_io.etcd.client.v3.leasing.leasingKV_names.noConfusion	Perennial.go_etcd_io.etcd.client.v3.leasing.LeasingKVNames.noConfusion
Perennial.go_etcd_io.etcd.client.v3.leasing.leasingKV_names.noConfusionType	Perennial.go_etcd_io.etcd.client.v3.leasing.LeasingKVNames.noConfusionType
Perennial.go_etcd_io.etcd.client.v3.leasing.leasingKV_names.rec	Perennial.go_etcd_io.etcd.client.v3.leasing.LeasingKVNames.rec
Perennial.go_etcd_io.etcd.client.v3.leasing.leasingKV_names.recOn	Perennial.go_etcd_io.etcd.client.v3.leasing.LeasingKVNames.recOn
Perennial.go_etcd_io.etcd.client.v3.leasing.own_leaseCache_locked	Perennial.go_etcd_io.etcd.client.v3.leasing.ownLeaseCacheLocked
Perennial.go_etcd_io.etcd.client.v3.leasing.own_leaseCache_locked_frac	Perennial.go_etcd_io.etcd.client.v3.leasing.ownLeaseCacheLocked_frac
Perennial.go_etcd_io.etcd.client.v3.leasing.own_leaseKey	Perennial.go_etcd_io.etcd.client.v3.leasing.ownLeaseKey
Perennial.go_etcd_io.etcd.client.v3.leasing.own_leaseKey_persistent	Perennial.go_etcd_io.etcd.client.v3.leasing.ownLeaseKey_persistent
Perennial.go_etcd_io.etcd.client.v3.leasing.own_leasingKV	Perennial.go_etcd_io.etcd.client.v3.leasing.ownLeasingKV
Perennial.go_etcd_io.etcd.client.v3.leasing.own_leasingKV_def	Perennial.go_etcd_io.etcd.client.v3.leasing.ownLeasingKVDef
Perennial.go_etcd_io.etcd.client.v3.leasing.own_leasingKV_locked	Perennial.go_etcd_io.etcd.client.v3.leasing.ownLeasingKVLocked
Perennial.go_etcd_io.etcd.client.v3.leasing.own_leasingKV_locked_frac	Perennial.go_etcd_io.etcd.client.v3.leasing.ownLeasingKVLocked_frac
Perennial.go_etcd_io.etcd.client.v3.leasing.own_leasingKV_monitorSession	Perennial.go_etcd_io.etcd.client.v3.leasing.ownLeasingKVMonitorSession
Perennial.go_etcd_io.etcd.client.v3.leasing.own_leasingKV_unseal	Perennial.go_etcd_io.etcd.client.v3.leasing.ownLeasingKV_unseal
Perennial.go_etcd_io.etcd.client.v3.leasing.own_map_combine	Perennial.go_etcd_io.etcd.client.v3.leasing.ownMap_combine
Perennial.go_etcd_io.etcd.client.v3.leasing.own_map_combine_eq	Perennial.go_etcd_io.etcd.client.v3.leasing.ownMap_combine_eq
Perennial.go_etcd_io.etcd.client.v3.leasing.own_map_split	Perennial.go_etcd_io.etcd.client.v3.leasing.ownMap_split
Perennial.go_etcd_io.etcd.client.v3.leasing.own_map_split_frac	Perennial.go_etcd_io.etcd.client.v3.leasing.ownMap_split_frac
Perennial.go_etcd_io.etcd.client.v3_proof.clientv3_names	Perennial.go_etcd_io.etcd.client.v3_proof.Clientv3Names
Perennial.go_etcd_io.etcd.client.v3_proof.ecomp	Perennial.go_etcd_io.etcd.client.v3_proof.Ecomp
Perennial.go_etcd_io.etcd.client.v3_proof.ecomp.Effect	Perennial.go_etcd_io.etcd.client.v3_proof.Ecomp.Effect
Perennial.go_etcd_io.etcd.client.v3_proof.ecomp.Effect.elim	Perennial.go_etcd_io.etcd.client.v3_proof.Ecomp.Effect.elim
Perennial.go_etcd_io.etcd.client.v3_proof.ecomp.Effect.inj	Perennial.go_etcd_io.etcd.client.v3_proof.Ecomp.Effect.inj
Perennial.go_etcd_io.etcd.client.v3_proof.ecomp.Effect.injEq	Perennial.go_etcd_io.etcd.client.v3_proof.Ecomp.Effect.injEq
Perennial.go_etcd_io.etcd.client.v3_proof.ecomp.Effect.noConfusion	Perennial.go_etcd_io.etcd.client.v3_proof.Ecomp.Effect.noConfusion
Perennial.go_etcd_io.etcd.client.v3_proof.ecomp.Effect.sizeOf_spec	Perennial.go_etcd_io.etcd.client.v3_proof.Ecomp.Effect.sizeOf_spec
Perennial.go_etcd_io.etcd.client.v3_proof.ecomp.Pure	Perennial.go_etcd_io.etcd.client.v3_proof.Ecomp.Pure
Perennial.go_etcd_io.etcd.client.v3_proof.ecomp.Pure.elim	Perennial.go_etcd_io.etcd.client.v3_proof.Ecomp.Pure.elim
Perennial.go_etcd_io.etcd.client.v3_proof.ecomp.Pure.inj	Perennial.go_etcd_io.etcd.client.v3_proof.Ecomp.Pure.inj
Perennial.go_etcd_io.etcd.client.v3_proof.ecomp.Pure.injEq	Perennial.go_etcd_io.etcd.client.v3_proof.Ecomp.Pure.injEq
Perennial.go_etcd_io.etcd.client.v3_proof.ecomp.Pure.noConfusion	Perennial.go_etcd_io.etcd.client.v3_proof.Ecomp.Pure.noConfusion
Perennial.go_etcd_io.etcd.client.v3_proof.ecomp.Pure.sizeOf_spec	Perennial.go_etcd_io.etcd.client.v3_proof.Ecomp.Pure.sizeOf_spec
Perennial.go_etcd_io.etcd.client.v3_proof.ecomp.below	Perennial.go_etcd_io.etcd.client.v3_proof.Ecomp.below
Perennial.go_etcd_io.etcd.client.v3_proof.ecomp.brecOn	Perennial.go_etcd_io.etcd.client.v3_proof.Ecomp.brecOn
Perennial.go_etcd_io.etcd.client.v3_proof.ecomp.brecOn.eq	Perennial.go_etcd_io.etcd.client.v3_proof.Ecomp.brecOn.eq
Perennial.go_etcd_io.etcd.client.v3_proof.ecomp.brecOn.go	Perennial.go_etcd_io.etcd.client.v3_proof.Ecomp.brecOn.go
Perennial.go_etcd_io.etcd.client.v3_proof.ecomp.casesOn	Perennial.go_etcd_io.etcd.client.v3_proof.Ecomp.casesOn
Perennial.go_etcd_io.etcd.client.v3_proof.ecomp.ctorElim	Perennial.go_etcd_io.etcd.client.v3_proof.Ecomp.ctorElim
Perennial.go_etcd_io.etcd.client.v3_proof.ecomp.ctorElimType	Perennial.go_etcd_io.etcd.client.v3_proof.Ecomp.ctorElimType
Perennial.go_etcd_io.etcd.client.v3_proof.ecomp.ctorIdx	Perennial.go_etcd_io.etcd.client.v3_proof.Ecomp.ctorIdx
Perennial.go_etcd_io.etcd.client.v3_proof.ecomp.noConfusion	Perennial.go_etcd_io.etcd.client.v3_proof.Ecomp.noConfusion
Perennial.go_etcd_io.etcd.client.v3_proof.ecomp.noConfusionType	Perennial.go_etcd_io.etcd.client.v3_proof.Ecomp.noConfusionType
Perennial.go_etcd_io.etcd.client.v3_proof.ecomp.rec	Perennial.go_etcd_io.etcd.client.v3_proof.Ecomp.rec
Perennial.go_etcd_io.etcd.client.v3_proof.ecomp.recOn	Perennial.go_etcd_io.etcd.client.v3_proof.Ecomp.recOn
Perennial.go_etcd_io.etcd.client.v3_proof.ecomp_bind	Perennial.go_etcd_io.etcd.client.v3_proof.ecompBind
Perennial.go_etcd_io.etcd.client.v3_proof.ecomp_bind_Effect	Perennial.go_etcd_io.etcd.client.v3_proof.ecompBind_Effect
Perennial.go_etcd_io.etcd.client.v3_proof.ecomp_bind_Pure	Perennial.go_etcd_io.etcd.client.v3_proof.ecompBind_Pure
Perennial.go_etcd_io.etcd.client.v3_proof.etcdE	Perennial.go_etcd_io.etcd.client.v3_proof.EtcdE
Perennial.go_etcd_io.etcd.client.v3_proof.etcdE.Assert	Perennial.go_etcd_io.etcd.client.v3_proof.EtcdE.Assert
Perennial.go_etcd_io.etcd.client.v3_proof.etcdE.Assert.elim	Perennial.go_etcd_io.etcd.client.v3_proof.EtcdE.Assert.elim
Perennial.go_etcd_io.etcd.client.v3_proof.etcdE.Assert.inj	Perennial.go_etcd_io.etcd.client.v3_proof.EtcdE.Assert.inj
Perennial.go_etcd_io.etcd.client.v3_proof.etcdE.Assert.injEq	Perennial.go_etcd_io.etcd.client.v3_proof.EtcdE.Assert.injEq
Perennial.go_etcd_io.etcd.client.v3_proof.etcdE.Assert.noConfusion	Perennial.go_etcd_io.etcd.client.v3_proof.EtcdE.Assert.noConfusion
Perennial.go_etcd_io.etcd.client.v3_proof.etcdE.Assert.sizeOf_spec	Perennial.go_etcd_io.etcd.client.v3_proof.EtcdE.Assert.sizeOf_spec
Perennial.go_etcd_io.etcd.client.v3_proof.etcdE.Assume	Perennial.go_etcd_io.etcd.client.v3_proof.EtcdE.Assume
Perennial.go_etcd_io.etcd.client.v3_proof.etcdE.Assume.elim	Perennial.go_etcd_io.etcd.client.v3_proof.EtcdE.Assume.elim
Perennial.go_etcd_io.etcd.client.v3_proof.etcdE.Assume.inj	Perennial.go_etcd_io.etcd.client.v3_proof.EtcdE.Assume.inj
Perennial.go_etcd_io.etcd.client.v3_proof.etcdE.Assume.injEq	Perennial.go_etcd_io.etcd.client.v3_proof.EtcdE.Assume.injEq
Perennial.go_etcd_io.etcd.client.v3_proof.etcdE.Assume.noConfusion	Perennial.go_etcd_io.etcd.client.v3_proof.EtcdE.Assume.noConfusion
Perennial.go_etcd_io.etcd.client.v3_proof.etcdE.Assume.sizeOf_spec	Perennial.go_etcd_io.etcd.client.v3_proof.EtcdE.Assume.sizeOf_spec
Perennial.go_etcd_io.etcd.client.v3_proof.etcdE.GetState	Perennial.go_etcd_io.etcd.client.v3_proof.EtcdE.GetState
Perennial.go_etcd_io.etcd.client.v3_proof.etcdE.GetState.elim	Perennial.go_etcd_io.etcd.client.v3_proof.EtcdE.GetState.elim
Perennial.go_etcd_io.etcd.client.v3_proof.etcdE.GetState.sizeOf_spec	Perennial.go_etcd_io.etcd.client.v3_proof.EtcdE.GetState.sizeOf_spec
Perennial.go_etcd_io.etcd.client.v3_proof.etcdE.GetTime	Perennial.go_etcd_io.etcd.client.v3_proof.EtcdE.GetTime
Perennial.go_etcd_io.etcd.client.v3_proof.etcdE.GetTime.elim	Perennial.go_etcd_io.etcd.client.v3_proof.EtcdE.GetTime.elim
Perennial.go_etcd_io.etcd.client.v3_proof.etcdE.GetTime.sizeOf_spec	Perennial.go_etcd_io.etcd.client.v3_proof.EtcdE.GetTime.sizeOf_spec
Perennial.go_etcd_io.etcd.client.v3_proof.etcdE.SetState	Perennial.go_etcd_io.etcd.client.v3_proof.EtcdE.SetState
Perennial.go_etcd_io.etcd.client.v3_proof.etcdE.SetState.elim	Perennial.go_etcd_io.etcd.client.v3_proof.EtcdE.SetState.elim
Perennial.go_etcd_io.etcd.client.v3_proof.etcdE.SetState.inj	Perennial.go_etcd_io.etcd.client.v3_proof.EtcdE.SetState.inj
Perennial.go_etcd_io.etcd.client.v3_proof.etcdE.SetState.injEq	Perennial.go_etcd_io.etcd.client.v3_proof.EtcdE.SetState.injEq
Perennial.go_etcd_io.etcd.client.v3_proof.etcdE.SetState.noConfusion	Perennial.go_etcd_io.etcd.client.v3_proof.EtcdE.SetState.noConfusion
Perennial.go_etcd_io.etcd.client.v3_proof.etcdE.SetState.sizeOf_spec	Perennial.go_etcd_io.etcd.client.v3_proof.EtcdE.SetState.sizeOf_spec
Perennial.go_etcd_io.etcd.client.v3_proof.etcdE.SuchThat	Perennial.go_etcd_io.etcd.client.v3_proof.EtcdE.SuchThat
Perennial.go_etcd_io.etcd.client.v3_proof.etcdE.SuchThat.elim	Perennial.go_etcd_io.etcd.client.v3_proof.EtcdE.SuchThat.elim
Perennial.go_etcd_io.etcd.client.v3_proof.etcdE.SuchThat.inj	Perennial.go_etcd_io.etcd.client.v3_proof.EtcdE.SuchThat.inj
Perennial.go_etcd_io.etcd.client.v3_proof.etcdE.SuchThat.injEq	Perennial.go_etcd_io.etcd.client.v3_proof.EtcdE.SuchThat.injEq
Perennial.go_etcd_io.etcd.client.v3_proof.etcdE.SuchThat.noConfusion	Perennial.go_etcd_io.etcd.client.v3_proof.EtcdE.SuchThat.noConfusion
Perennial.go_etcd_io.etcd.client.v3_proof.etcdE.SuchThat.sizeOf_spec	Perennial.go_etcd_io.etcd.client.v3_proof.EtcdE.SuchThat.sizeOf_spec
Perennial.go_etcd_io.etcd.client.v3_proof.etcdE.casesOn	Perennial.go_etcd_io.etcd.client.v3_proof.EtcdE.casesOn
Perennial.go_etcd_io.etcd.client.v3_proof.etcdE.ctorElim	Perennial.go_etcd_io.etcd.client.v3_proof.EtcdE.ctorElim
Perennial.go_etcd_io.etcd.client.v3_proof.etcdE.ctorElimType	Perennial.go_etcd_io.etcd.client.v3_proof.EtcdE.ctorElimType
Perennial.go_etcd_io.etcd.client.v3_proof.etcdE.ctorIdx	Perennial.go_etcd_io.etcd.client.v3_proof.EtcdE.ctorIdx
Perennial.go_etcd_io.etcd.client.v3_proof.etcdE.noConfusion	Perennial.go_etcd_io.etcd.client.v3_proof.EtcdE.noConfusion
Perennial.go_etcd_io.etcd.client.v3_proof.etcdE.noConfusionType	Perennial.go_etcd_io.etcd.client.v3_proof.EtcdE.noConfusionType
Perennial.go_etcd_io.etcd.client.v3_proof.etcdE.rec	Perennial.go_etcd_io.etcd.client.v3_proof.EtcdE.rec
Perennial.go_etcd_io.etcd.client.v3_proof.etcdE.recOn	Perennial.go_etcd_io.etcd.client.v3_proof.EtcdE.recOn
Perennial.go_etcd_io.etcd.client.v3_proof.exnT	Perennial.go_etcd_io.etcd.client.v3_proof.ExnT
Perennial.go_etcd_io.etcd.client.v3_proof.handle_etcdE	Perennial.go_etcd_io.etcd.client.v3_proof.HandleEtcdE
Perennial.go_etcd_io.etcd.client.v3_proof.handle_etcdE_spec	Perennial.go_etcd_io.etcd.client.v3_proof.handleEtcdESpec
Perennial.go_etcd_io.etcd.client.v3_proof.handle_exceptionE	Perennial.go_etcd_io.etcd.client.v3_proof.handleExceptionE
Perennial.go_etcd_io.etcd.client.v3_proof.is_Client	Perennial.go_etcd_io.etcd.client.v3_proof.isClient
Perennial.go_etcd_io.etcd.client.v3_proof.is_Client_pers	Perennial.go_etcd_io.etcd.client.v3_proof.isClient_pers
Perennial.go_etcd_io.etcd.client.v3_proof.is_Client_pub	Perennial.go_etcd_io.etcd.client.v3_proof.isClientPub
Perennial.go_etcd_io.etcd.client.v3_proof.is_Client_to_pub	Perennial.go_etcd_io.etcd.client.v3_proof.isClient_to_pub
Perennial.go_etcd_io.etcd.client.v3_proof.is_Op	Perennial.go_etcd_io.etcd.client.v3_proof.isOp
Perennial.go_etcd_io.etcd.client.v3_proof.is_OpOption	Perennial.go_etcd_io.etcd.client.v3_proof.isOpOption
Perennial.go_etcd_io.etcd.client.v3_proof.is_OpOption_persistent	Perennial.go_etcd_io.etcd.client.v3_proof.isOpOption_persistent
Perennial.go_etcd_io.etcd.client.v3_proof.is_OpOptions	Perennial.go_etcd_io.etcd.client.v3_proof.isOpOptions
Perennial.go_etcd_io.etcd.client.v3_proof.is_OpOptions_nil	Perennial.go_etcd_io.etcd.client.v3_proof.isOpOptions_nil
Perennial.go_etcd_io.etcd.client.v3_proof.is_OpOptions_persistent	Perennial.go_etcd_io.etcd.client.v3_proof.isOpOptions_persistent
Perennial.go_etcd_io.etcd.client.v3_proof.is_Op_PutRequest	Perennial.go_etcd_io.etcd.client.v3_proof.isOpPutRequest
Perennial.go_etcd_io.etcd.client.v3_proof.is_Op_RangeRequest	Perennial.go_etcd_io.etcd.client.v3_proof.isOpRangeRequest
Perennial.go_etcd_io.etcd.client.v3_proof.is_Op_def	Perennial.go_etcd_io.etcd.client.v3_proof.isOpDef
Perennial.go_etcd_io.etcd.client.v3_proof.is_Op_persistent	Perennial.go_etcd_io.etcd.client.v3_proof.isOp_persistent
Perennial.go_etcd_io.etcd.client.v3_proof.is_Op_unseal	Perennial.go_etcd_io.etcd.client.v3_proof.isOp_unseal
Perennial.go_etcd_io.etcd.client.v3_proof.is_etcd_lease	Perennial.go_etcd_io.etcd.client.v3_proof.isEtcdLease
Perennial.go_etcd_io.etcd.client.v3_proof.is_etcd_lease_pers	Perennial.go_etcd_io.etcd.client.v3_proof.isEtcdLease_pers
Perennial.go_etcd_io.etcd.client.v3_proof.own_etcd_pointsto	Perennial.go_etcd_io.etcd.client.v3_proof.ownEtcdPointsto
Perennial.go_etcd_io.etcd.client.v3_proof.own_time	Perennial.go_etcd_io.etcd.client.v3_proof.ownTime
Perennial.go_etcd_io.etcd.client.v3_proof.relation_pullback	Perennial.go_etcd_io.etcd.client.v3_proof.RelationPullback
Perennial.go_etcd_io.etcd.client.v3_proof.with_exceptionE	Perennial.go_etcd_io.etcd.client.v3_proof.WithExceptionE
Perennial.go_etcd_io.etcd.client.v3_proof.with_exceptionE.Ok	Perennial.go_etcd_io.etcd.client.v3_proof.WithExceptionE.Ok
Perennial.go_etcd_io.etcd.client.v3_proof.with_exceptionE.Ok.elim	Perennial.go_etcd_io.etcd.client.v3_proof.WithExceptionE.Ok.elim
Perennial.go_etcd_io.etcd.client.v3_proof.with_exceptionE.Ok.inj	Perennial.go_etcd_io.etcd.client.v3_proof.WithExceptionE.Ok.inj
Perennial.go_etcd_io.etcd.client.v3_proof.with_exceptionE.Ok.injEq	Perennial.go_etcd_io.etcd.client.v3_proof.WithExceptionE.Ok.injEq
Perennial.go_etcd_io.etcd.client.v3_proof.with_exceptionE.Ok.noConfusion	Perennial.go_etcd_io.etcd.client.v3_proof.WithExceptionE.Ok.noConfusion
Perennial.go_etcd_io.etcd.client.v3_proof.with_exceptionE.Ok.sizeOf_spec	Perennial.go_etcd_io.etcd.client.v3_proof.WithExceptionE.Ok.sizeOf_spec
Perennial.go_etcd_io.etcd.client.v3_proof.with_exceptionE.Throw	Perennial.go_etcd_io.etcd.client.v3_proof.WithExceptionE.Throw
Perennial.go_etcd_io.etcd.client.v3_proof.with_exceptionE.Throw.elim	Perennial.go_etcd_io.etcd.client.v3_proof.WithExceptionE.Throw.elim
Perennial.go_etcd_io.etcd.client.v3_proof.with_exceptionE.Throw.inj	Perennial.go_etcd_io.etcd.client.v3_proof.WithExceptionE.Throw.inj
Perennial.go_etcd_io.etcd.client.v3_proof.with_exceptionE.Throw.injEq	Perennial.go_etcd_io.etcd.client.v3_proof.WithExceptionE.Throw.injEq
Perennial.go_etcd_io.etcd.client.v3_proof.with_exceptionE.Throw.noConfusion	Perennial.go_etcd_io.etcd.client.v3_proof.WithExceptionE.Throw.noConfusion
Perennial.go_etcd_io.etcd.client.v3_proof.with_exceptionE.Throw.sizeOf_spec	Perennial.go_etcd_io.etcd.client.v3_proof.WithExceptionE.Throw.sizeOf_spec
Perennial.go_etcd_io.etcd.client.v3_proof.with_exceptionE.casesOn	Perennial.go_etcd_io.etcd.client.v3_proof.WithExceptionE.casesOn
Perennial.go_etcd_io.etcd.client.v3_proof.with_exceptionE.ctorElim	Perennial.go_etcd_io.etcd.client.v3_proof.WithExceptionE.ctorElim
Perennial.go_etcd_io.etcd.client.v3_proof.with_exceptionE.ctorElimType	Perennial.go_etcd_io.etcd.client.v3_proof.WithExceptionE.ctorElimType
Perennial.go_etcd_io.etcd.client.v3_proof.with_exceptionE.ctorIdx	Perennial.go_etcd_io.etcd.client.v3_proof.WithExceptionE.ctorIdx
Perennial.go_etcd_io.etcd.client.v3_proof.with_exceptionE.noConfusion	Perennial.go_etcd_io.etcd.client.v3_proof.WithExceptionE.noConfusion
Perennial.go_etcd_io.etcd.client.v3_proof.with_exceptionE.noConfusionType	Perennial.go_etcd_io.etcd.client.v3_proof.WithExceptionE.noConfusionType
Perennial.go_etcd_io.etcd.client.v3_proof.with_exceptionE.rec	Perennial.go_etcd_io.etcd.client.v3_proof.WithExceptionE.rec
Perennial.go_etcd_io.etcd.client.v3_proof.with_exceptionE.recOn	Perennial.go_etcd_io.etcd.client.v3_proof.WithExceptionE.recOn
Perennial.go_etcd_io.etcd.client.v3_proof.wp_Client__Ctx	Perennial.go_etcd_io.etcd.client.v3_proof.Client.wp_Ctx
Perennial.go_etcd_io.etcd.client.v3_proof.wp_Client__Do_Get	Perennial.go_etcd_io.etcd.client.v3_proof.Client.wp_Do_Get
Perennial.go_etcd_io.etcd.client.v3_proof.wp_Client__GetLogger	Perennial.go_etcd_io.etcd.client.v3_proof.Client.wp_GetLogger
Perennial.go_etcd_io.etcd.client.v3_proof.wp_Client__Grant	Perennial.go_etcd_io.etcd.client.v3_proof.Client.wp_Grant
Perennial.go_etcd_io.etcd.client.v3_proof.wp_Client__KeepAlive	Perennial.go_etcd_io.etcd.client.v3_proof.Client.wp_KeepAlive
Perennial.go_etcd_io.etcd.client.v3_proof.wp_Op__KeyBytes	Perennial.go_etcd_io.etcd.client.v3_proof.Op.wp_KeyBytes
Perennial.go_etcd_io.etcd.client.v3_proof.wp_Op__applyOpts	Perennial.go_etcd_io.etcd.client.v3_proof.Op.wp_applyOpts
Perennial.go_etcd_io.etcd.client.v3_proof.wp_Op__applyOpts_Get	Perennial.go_etcd_io.etcd.client.v3_proof.Op.wp_applyOpts_Get
Perennial.go_etcd_io.etcd.pkg.v3.idutil.get_is_pkg_init_wf_inst	Perennial.go_etcd_io.etcd.pkg.v3.idutil.get_isPkgInit_wf_inst
Perennial.go_etcd_io.etcd.pkg.v3.idutil.is_Generator	Perennial.go_etcd_io.etcd.pkg.v3.idutil.isGenerator
Perennial.go_etcd_io.etcd.pkg.v3.idutil.is_Generator_alloc	Perennial.go_etcd_io.etcd.pkg.v3.idutil.isGenerator_alloc
Perennial.go_etcd_io.etcd.pkg.v3.idutil.is_Generator_def	Perennial.go_etcd_io.etcd.pkg.v3.idutil.isGeneratorDef
Perennial.go_etcd_io.etcd.pkg.v3.idutil.is_Generator_pers	Perennial.go_etcd_io.etcd.pkg.v3.idutil.isGenerator_pers
Perennial.go_etcd_io.etcd.pkg.v3.idutil.is_Generator_unseal	Perennial.go_etcd_io.etcd.pkg.v3.idutil.isGenerator_unseal
Perennial.go_etcd_io.etcd.pkg.v3.idutil.is_pkg_init_inst	Perennial.go_etcd_io.etcd.pkg.v3.idutil.isPkgInit_inst
Perennial.go_etcd_io.etcd.pkg.v3.idutil.wp_Generator__Next	Perennial.go_etcd_io.etcd.pkg.v3.idutil.Generator.wp_Next
Perennial.go_etcd_io.etcd.pkg.v3.wait.get_is_pkg_init_wf_inst	Perennial.go_etcd_io.etcd.pkg.v3.wait.get_isPkgInit_wf_inst
Perennial.go_etcd_io.etcd.pkg.v3.wait.interface_call	Perennial.go_etcd_io.etcd.pkg.v3.wait.interfaceCall
Perennial.go_etcd_io.etcd.pkg.v3.wait.is_pkg_init_inst	Perennial.go_etcd_io.etcd.pkg.v3.wait.isPkgInit_inst
Perennial.go_etcd_io.etcd.pkg.v3.wait.own_Wait	Perennial.go_etcd_io.etcd.pkg.v3.wait.ownWait
Perennial.go_etcd_io.etcd.pkg.v3.wait.own_Wait_def	Perennial.go_etcd_io.etcd.pkg.v3.wait.ownWaitDef
Perennial.go_etcd_io.etcd.pkg.v3.wait.own_Wait_unseal	Perennial.go_etcd_io.etcd.pkg.v3.wait.ownWait_unseal
Perennial.go_etcd_io.etcd.pkg.v3.wait.wait_params	Perennial.go_etcd_io.etcd.pkg.v3.wait.WaitParams
Perennial.go_etcd_io.etcd.pkg.v3.wait.wait_params.I	Perennial.go_etcd_io.etcd.pkg.v3.wait.WaitParams.I
Perennial.go_etcd_io.etcd.pkg.v3.wait.wait_params.casesOn	Perennial.go_etcd_io.etcd.pkg.v3.wait.WaitParams.casesOn
Perennial.go_etcd_io.etcd.pkg.v3.wait.wait_params.ctorIdx	Perennial.go_etcd_io.etcd.pkg.v3.wait.WaitParams.ctorIdx
Perennial.go_etcd_io.etcd.pkg.v3.wait.wait_params.mk	Perennial.go_etcd_io.etcd.pkg.v3.wait.WaitParams.mk
Perennial.go_etcd_io.etcd.pkg.v3.wait.wait_params.mk.inj	Perennial.go_etcd_io.etcd.pkg.v3.wait.WaitParams.mk.inj
Perennial.go_etcd_io.etcd.pkg.v3.wait.wait_params.mk.injEq	Perennial.go_etcd_io.etcd.pkg.v3.wait.WaitParams.mk.injEq
Perennial.go_etcd_io.etcd.pkg.v3.wait.wait_params.mk.noConfusion	Perennial.go_etcd_io.etcd.pkg.v3.wait.WaitParams.mk.noConfusion
Perennial.go_etcd_io.etcd.pkg.v3.wait.wait_params.mk.sizeOf_spec	Perennial.go_etcd_io.etcd.pkg.v3.wait.WaitParams.mk.sizeOf_spec
Perennial.go_etcd_io.etcd.pkg.v3.wait.wait_params.noConfusion	Perennial.go_etcd_io.etcd.pkg.v3.wait.WaitParams.noConfusion
Perennial.go_etcd_io.etcd.pkg.v3.wait.wait_params.noConfusionType	Perennial.go_etcd_io.etcd.pkg.v3.wait.WaitParams.noConfusionType
Perennial.go_etcd_io.etcd.pkg.v3.wait.wait_params.own_unregistered_id	Perennial.go_etcd_io.etcd.pkg.v3.wait.WaitParams.ownUnregisteredId
Perennial.go_etcd_io.etcd.pkg.v3.wait.wait_params.rec	Perennial.go_etcd_io.etcd.pkg.v3.wait.WaitParams.rec
Perennial.go_etcd_io.etcd.pkg.v3.wait.wait_params.recOn	Perennial.go_etcd_io.etcd.pkg.v3.wait.WaitParams.recOn
Perennial.go_etcd_io.etcd.pkg.v3.wait.wp_Wait__IsRegistered	Perennial.go_etcd_io.etcd.pkg.v3.wait.Wait.wp_IsRegistered
Perennial.go_etcd_io.etcd.pkg.v3.wait.wp_Wait__Register	Perennial.go_etcd_io.etcd.pkg.v3.wait.Wait.wp_Register
Perennial.go_etcd_io.etcd.pkg.v3.wait.wp_Wait__Trigger	Perennial.go_etcd_io.etcd.pkg.v3.wait.Wait.wp_Trigger
Perennial.go_etcd_io.etcd.server.v3.etcdserver.EtcdServer_names	Perennial.go_etcd_io.etcd.server.v3.etcdserver.EtcdServerNames
Perennial.go_etcd_io.etcd.server.v3.etcdserver.is_EtcdServer_internal	Perennial.go_etcd_io.etcd.server.v3.etcdserver.isEtcdServerInternal
Perennial.go_etcd_io.etcd.server.v3.etcdserver.is_EtcdServer_internal_pers	Perennial.go_etcd_io.etcd.server.v3.etcdserver.isEtcdServerInternal_pers
Perennial.go_etcd_io.etcd.server.v3.etcdserver.is_SimpleRequest	Perennial.go_etcd_io.etcd.server.v3.etcdserver.isSimpleRequest
Perennial.go_etcd_io.etcd.server.v3.etcdserver.is_pkg_init_inst	Perennial.go_etcd_io.etcd.server.v3.etcdserver.isPkgInit_inst
Perennial.go_etcd_io.etcd.server.v3.etcdserver.own_EtcdServer	Perennial.go_etcd_io.etcd.server.v3.etcdserver.ownEtcdServer
Perennial.go_etcd_io.etcd.server.v3.etcdserver.own_EtcdServer_access	Perennial.go_etcd_io.etcd.server.v3.etcdserver.ownEtcdServer_access
Perennial.go_etcd_io.etcd.server.v3.etcdserver.own_ID	Perennial.go_etcd_io.etcd.server.v3.etcdserver.ownID
Perennial.go_etcd_io.etcd.server.v3.etcdserver.raft_gn	Perennial.go_etcd_io.etcd.server.v3.etcdserver.raftGn
Perennial.go_etcd_io.etcd.server.v3.etcdserver.wp_EtcdServer__AuthInfoFromCtx	Perennial.go_etcd_io.etcd.server.v3.etcdserver.EtcdServer.wp_AuthInfoFromCtx
Perennial.go_etcd_io.etcd.server.v3.etcdserver.wp_EtcdServer__getAppliedIndex	Perennial.go_etcd_io.etcd.server.v3.etcdserver.EtcdServer.wp_getAppliedIndex
Perennial.go_etcd_io.etcd.server.v3.etcdserver.wp_EtcdServer__getCommittedIndex	Perennial.go_etcd_io.etcd.server.v3.etcdserver.EtcdServer.wp_getCommittedIndex
Perennial.go_etcd_io.etcd.server.v3.etcdserver.wp_EtcdServer__processInternalRaftRequestOnce	Perennial.go_etcd_io.etcd.server.v3.etcdserver.EtcdServer.wp_processInternalRaftRequestOnce
Perennial.go_etcd_io.raft.v3.get_is_pkg_init_wf_inst	Perennial.go_etcd_io.raft.v3.get_isPkgInit_wf_inst
Perennial.go_etcd_io.raft.v3.is_initialized	Perennial.go_etcd_io.raft.v3.isInitialized
Perennial.go_etcd_io.raft.v3.is_pkg_init_inst	Perennial.go_etcd_io.raft.v3.isPkgInit_inst
Perennial.go_etcd_io.raft.v3_proof.is_initialized_access	Perennial.go_etcd_io.raft.v3_proof.isInitialized_access
Perennial.go_etcd_io.raft.v3_proof.is_node_inner	Perennial.go_etcd_io.raft.v3_proof.isNodeInner
Perennial.go_etcd_io.raft.v3_proof.is_node_inner_pers	Perennial.go_etcd_io.raft.v3_proof.isNodeInner_pers
Perennial.go_etcd_io.raft.v3_proof.is_raft_log	Perennial.go_etcd_io.raft.v3_proof.isRaftLog
Perennial.go_etcd_io.raft.v3_proof.is_raft_log_pers	Perennial.go_etcd_io.raft.v3_proof.isRaftLog_pers
Perennial.go_etcd_io.raft.v3_proof.is_raft_log_pers_inst	Perennial.go_etcd_io.raft.v3_proof.isRaftLog_pers_inst
Perennial.go_etcd_io.raft.v3_proof.own_propose_message	Perennial.go_etcd_io.raft.v3_proof.ownProposeMessage
Perennial.go_etcd_io.raft.v3_proof.own_raft_log	Perennial.go_etcd_io.raft.v3_proof.ownRaftLog
Perennial.go_etcd_io.raft.v3_proof.raft_names	Perennial.go_etcd_io.raft.v3_proof.RaftNames
Perennial.go_etcd_io.raft.v3_proof.readonly.is_HeartbeatRequest	Perennial.go_etcd_io.raft.v3_proof.readonly.isHeartbeatRequest
Perennial.go_etcd_io.raft.v3_proof.readonly.is_HeartbeatResp	Perennial.go_etcd_io.raft.v3_proof.readonly.isHeartbeatResp
Perennial.go_etcd_io.raft.v3_proof.readonly.is_MsgReadIndex	Perennial.go_etcd_io.raft.v3_proof.readonly.isMsgReadIndex
Perennial.go_etcd_io.raft.v3_proof.readonly.is_MsgReadIndexResp	Perennial.go_etcd_io.raft.v3_proof.readonly.isMsgReadIndexResp
Perennial.go_etcd_io.raft.v3_proof.readonly.is_commit	Perennial.go_etcd_io.raft.v3_proof.readonly.isCommit
Perennial.go_etcd_io.raft.v3_proof.readonly.is_commit_pers	Perennial.go_etcd_io.raft.v3_proof.readonly.isCommit_pers
Perennial.go_etcd_io.raft.v3_proof.readonly.is_committed_in_term	Perennial.go_etcd_io.raft.v3_proof.readonly.isCommittedInTerm
Perennial.go_etcd_io.raft.v3_proof.readonly.is_committed_in_term_pers	Perennial.go_etcd_io.raft.v3_proof.readonly.isCommittedInTerm_pers
Perennial.go_etcd_io.raft.v3_proof.readonly.is_heartbeat_ack	Perennial.go_etcd_io.raft.v3_proof.readonly.isHeartbeatAck
Perennial.go_etcd_io.raft.v3_proof.readonly.is_heartbeat_ack_pers	Perennial.go_etcd_io.raft.v3_proof.readonly.isHeartbeatAck_pers
Perennial.go_etcd_io.raft.v3_proof.readonly.is_heartbeat_ctx	Perennial.go_etcd_io.raft.v3_proof.readonly.isHeartbeatCtx
Perennial.go_etcd_io.raft.v3_proof.readonly.is_heartbeat_ctx_agree	Perennial.go_etcd_io.raft.v3_proof.readonly.isHeartbeatCtx_agree
Perennial.go_etcd_io.raft.v3_proof.readonly.is_heartbeat_ctx_pers	Perennial.go_etcd_io.raft.v3_proof.readonly.isHeartbeatCtx_pers
Perennial.go_etcd_io.raft.v3_proof.readonly.is_heartbeat_ctx_stale	Perennial.go_etcd_io.raft.v3_proof.readonly.isHeartbeatCtxStale
Perennial.go_etcd_io.raft.v3_proof.readonly.is_heartbeat_ctx_stale_pers	Perennial.go_etcd_io.raft.v3_proof.readonly.isHeartbeatCtxStale_pers
Perennial.go_etcd_io.raft.v3_proof.readonly.is_in_reads	Perennial.go_etcd_io.raft.v3_proof.readonly.isInReads
Perennial.go_etcd_io.raft.v3_proof.readonly.is_in_reads_persistent	Perennial.go_etcd_io.raft.v3_proof.readonly.isInReads_persistent
Perennial.go_etcd_io.raft.v3_proof.readonly.is_in_reads_to_valid	Perennial.go_etcd_io.raft.v3_proof.readonly.isInReads_to_valid
Perennial.go_etcd_io.raft.v3_proof.readonly.is_quorum	Perennial.go_etcd_io.raft.v3_proof.readonly.IsQuorum
Perennial.go_etcd_io.raft.v3_proof.readonly.is_raft_commit_inv	Perennial.go_etcd_io.raft.v3_proof.readonly.isRaftCommitInv
Perennial.go_etcd_io.raft.v3_proof.readonly.is_raft_commit_inv_pers	Perennial.go_etcd_io.raft.v3_proof.readonly.isRaftCommitInv_pers
Perennial.go_etcd_io.raft.v3_proof.readonly.is_readIndexRequest	Perennial.go_etcd_io.raft.v3_proof.readonly.isReadIndexRequest
Perennial.go_etcd_io.raft.v3_proof.readonly.is_readIndexRequest_pers	Perennial.go_etcd_io.raft.v3_proof.readonly.isReadIndexRequest_pers
Perennial.go_etcd_io.raft.v3_proof.readonly.is_read_index	Perennial.go_etcd_io.raft.v3_proof.readonly.isReadIndex
Perennial.go_etcd_io.raft.v3_proof.readonly.is_read_index_pers	Perennial.go_etcd_io.raft.v3_proof.readonly.isReadIndex_pers
Perennial.go_etcd_io.raft.v3_proof.readonly.is_read_req_ctx	Perennial.go_etcd_io.raft.v3_proof.readonly.isReadReqCtx
Perennial.go_etcd_io.raft.v3_proof.readonly.is_read_req_ctx_pers	Perennial.go_etcd_io.raft.v3_proof.readonly.isReadReqCtx_pers
Perennial.go_etcd_io.raft.v3_proof.readonly.is_stale_term	Perennial.go_etcd_io.raft.v3_proof.readonly.isStaleTerm
Perennial.go_etcd_io.raft.v3_proof.readonly.is_stale_term_pers	Perennial.go_etcd_io.raft.v3_proof.readonly.isStaleTerm_pers
Perennial.go_etcd_io.raft.v3_proof.readonly.is_term_lb	Perennial.go_etcd_io.raft.v3_proof.readonly.isTermLb
Perennial.go_etcd_io.raft.v3_proof.readonly.is_term_lb_pers	Perennial.go_etcd_io.raft.v3_proof.readonly.isTermLb_pers
Perennial.go_etcd_io.raft.v3_proof.readonly.own_AckedIndexer	Perennial.go_etcd_io.raft.v3_proof.readonly.ownAckedIndexer
Perennial.go_etcd_io.raft.v3_proof.readonly.own_commit	Perennial.go_etcd_io.raft.v3_proof.readonly.ownCommit
Perennial.go_etcd_io.raft.v3_proof.readonly.own_commit_auth	Perennial.go_etcd_io.raft.v3_proof.readonly.ownCommitAuth
Perennial.go_etcd_io.raft.v3_proof.readonly.own_committed_in_term	Perennial.go_etcd_io.raft.v3_proof.readonly.ownCommittedInTerm
Perennial.go_etcd_io.raft.v3_proof.readonly.own_heartbeat_auth	Perennial.go_etcd_io.raft.v3_proof.readonly.ownHeartbeatAuth
Perennial.go_etcd_io.raft.v3_proof.readonly.own_heartbeat_auth_agree	Perennial.go_etcd_io.raft.v3_proof.readonly.ownHeartbeatAuth_agree
Perennial.go_etcd_io.raft.v3_proof.readonly.own_heartbeat_auth_new	Perennial.go_etcd_io.raft.v3_proof.readonly.ownHeartbeatAuth_new
Perennial.go_etcd_io.raft.v3_proof.readonly.own_raft	Perennial.go_etcd_io.raft.v3_proof.readonly.ownRaft
Perennial.go_etcd_io.raft.v3_proof.readonly.own_readOnly	Perennial.go_etcd_io.raft.v3_proof.readonly.ownReadOnly
Perennial.go_etcd_io.raft.v3_proof.readonly.own_read_req_ctx	Perennial.go_etcd_io.raft.v3_proof.readonly.ownReadReqCtx
Perennial.go_etcd_io.raft.v3_proof.readonly.own_reads	Perennial.go_etcd_io.raft.v3_proof.readonly.ownReads
Perennial.go_etcd_io.raft.v3_proof.readonly.own_term	Perennial.go_etcd_io.raft.v3_proof.readonly.ownTerm
Perennial.go_etcd_io.raft.v3_proof.readonly.own_unused_heartbeat_ctx	Perennial.go_etcd_io.raft.v3_proof.readonly.ownUnusedHeartbeatCtx
Perennial.go_etcd_io.raft.v3_proof.readonly.raft_names	Perennial.go_etcd_io.raft.v3_proof.readonly.RaftNames
Perennial.go_etcd_io.raft.v3_proof.readonly.raft_names.casesOn	Perennial.go_etcd_io.raft.v3_proof.readonly.RaftNames.casesOn
Perennial.go_etcd_io.raft.v3_proof.readonly.raft_names.commited_gn	Perennial.go_etcd_io.raft.v3_proof.readonly.RaftNames.commitedGn
Perennial.go_etcd_io.raft.v3_proof.readonly.raft_names.config_gn	Perennial.go_etcd_io.raft.v3_proof.readonly.RaftNames.configGn
Perennial.go_etcd_io.raft.v3_proof.readonly.raft_names.ctorIdx	Perennial.go_etcd_io.raft.v3_proof.readonly.RaftNames.ctorIdx
Perennial.go_etcd_io.raft.v3_proof.readonly.raft_names.heartbeat_gn	Perennial.go_etcd_io.raft.v3_proof.readonly.RaftNames.heartbeatGn
Perennial.go_etcd_io.raft.v3_proof.readonly.raft_names.mk	Perennial.go_etcd_io.raft.v3_proof.readonly.RaftNames.mk
Perennial.go_etcd_io.raft.v3_proof.readonly.raft_names.mk.inj	Perennial.go_etcd_io.raft.v3_proof.readonly.RaftNames.mk.inj
Perennial.go_etcd_io.raft.v3_proof.readonly.raft_names.mk.injEq	Perennial.go_etcd_io.raft.v3_proof.readonly.RaftNames.mk.injEq
Perennial.go_etcd_io.raft.v3_proof.readonly.raft_names.mk.noConfusion	Perennial.go_etcd_io.raft.v3_proof.readonly.RaftNames.mk.noConfusion
Perennial.go_etcd_io.raft.v3_proof.readonly.raft_names.mk.sizeOf_spec	Perennial.go_etcd_io.raft.v3_proof.readonly.RaftNames.mk.sizeOf_spec
Perennial.go_etcd_io.raft.v3_proof.readonly.raft_names.noConfusion	Perennial.go_etcd_io.raft.v3_proof.readonly.RaftNames.noConfusion
Perennial.go_etcd_io.raft.v3_proof.readonly.raft_names.noConfusionType	Perennial.go_etcd_io.raft.v3_proof.readonly.RaftNames.noConfusionType
Perennial.go_etcd_io.raft.v3_proof.readonly.raft_names.read_req_gn	Perennial.go_etcd_io.raft.v3_proof.readonly.RaftNames.readReqGn
Perennial.go_etcd_io.raft.v3_proof.readonly.raft_names.reads_gn	Perennial.go_etcd_io.raft.v3_proof.readonly.RaftNames.readsGn
Perennial.go_etcd_io.raft.v3_proof.readonly.raft_names.rec	Perennial.go_etcd_io.raft.v3_proof.readonly.RaftNames.rec
Perennial.go_etcd_io.raft.v3_proof.readonly.raft_names.recOn	Perennial.go_etcd_io.raft.v3_proof.readonly.RaftNames.recOn
Perennial.go_etcd_io.raft.v3_proof.readonly.raft_names.term_gn	Perennial.go_etcd_io.raft.v3_proof.readonly.RaftNames.termGn
Perennial.go_etcd_io.raft.v3_proof.readonly.wp_JointConfig__CommittedIndex	Perennial.go_etcd_io.raft.v3_proof.readonly.JointConfig.wp_CommittedIndex
Perennial.go_etcd_io.raft.v3_proof.readonly.wp_ProgressTracker__IsSingleton	Perennial.go_etcd_io.raft.v3_proof.readonly.ProgressTracker.wp_IsSingleton
Perennial.go_etcd_io.raft.v3_proof.readonly.wp_raft__committedEntryInCurrentTerm	Perennial.go_etcd_io.raft.v3_proof.readonly.raft.wp_committedEntryInCurrentTerm
Perennial.go_etcd_io.raft.v3_proof.readonly.wp_raft__sendMsgReadIndexresponse	Perennial.go_etcd_io.raft.v3_proof.readonly.raft.wp_sendMsgReadIndexresponse
Perennial.go_etcd_io.raft.v3_proof.readonly.wp_raft__stepLeader_MsgReadIndex	Perennial.go_etcd_io.raft.v3_proof.readonly.raft.wp_stepLeader_MsgReadIndex
Perennial.go_etcd_io.raft.v3_proof.wp_Node__Propose	Perennial.go_etcd_io.raft.v3_proof.Node.wp_Propose
Perennial.go_etcd_io.raft.v3_proof.wp_node__Advance	Perennial.go_etcd_io.raft.v3_proof.node.wp_Advance
Perennial.go_etcd_io.raft.v3_proof.wp_node__Propose	Perennial.go_etcd_io.raft.v3_proof.node.wp_Propose
Perennial.go_etcd_io.raft.v3_proof.wp_node__Ready	Perennial.go_etcd_io.raft.v3_proof.node.wp_Ready
Perennial.go_opentelemetry_io.otel.trace.embedded.get_is_pkg_init_wf_inst	Perennial.go_opentelemetry_io.otel.trace.embedded.get_isPkgInit_wf_inst
Perennial.go_opentelemetry_io.otel.trace.embedded.is_pkg_init_inst	Perennial.go_opentelemetry_io.otel.trace.embedded.isPkgInit_inst
Perennial.go_stateGS	Perennial.GoStateGS
Perennial.go_stateGS.casesOn	Perennial.GoStateGS.casesOn
Perennial.go_stateGS.ctorIdx	Perennial.GoStateGS.ctorIdx
Perennial.go_stateGS.mk	Perennial.GoStateGS.mk
Perennial.go_stateGS.mk.noConfusion	Perennial.GoStateGS.mk.noConfusion
Perennial.go_stateGS.noConfusion	Perennial.GoStateGS.noConfusion
Perennial.go_stateGS.noConfusionType	Perennial.GoStateGS.noConfusionType
Perennial.go_stateGS.package_inited_inG	Perennial.GoStateGS.package_inited_inG
Perennial.go_stateGS.package_inited_name	Perennial.GoStateGS.packageInitedName
Perennial.go_stateGS.rec	Perennial.GoStateGS.rec
Perennial.go_stateGS.recOn	Perennial.GoStateGS.recOn
Perennial.go_stateGS_update	Perennial.goStateGSUpdate
Perennial.go_stateGS_update_pre	Perennial.goStateGSUpdatePre
Perennial.go_state_init	Perennial.goState_init
Perennial.go_state_preG	Perennial.GoStatePreG
Perennial.go_state_preG.casesOn	Perennial.GoStatePreG.casesOn
Perennial.go_state_preG.ctorIdx	Perennial.GoStatePreG.ctorIdx
Perennial.go_state_preG.mk	Perennial.GoStatePreG.mk
Perennial.go_state_preG.mk.noConfusion	Perennial.GoStatePreG.mk.noConfusion
Perennial.go_state_preG.noConfusion	Perennial.GoStatePreG.noConfusion
Perennial.go_state_preG.noConfusionType	Perennial.GoStatePreG.noConfusionType
Perennial.go_state_preG.package_inited_preG_inG	Perennial.GoStatePreG.package_inited_preG_inG
Perennial.go_state_preG.rec	Perennial.GoStatePreG.rec
Perennial.go_state_preG.recOn	Perennial.GoStatePreG.recOn
Perennial.gooseGlobalGS	Perennial.GooseGlobalGS
Perennial.gooseGlobalGS.casesOn	Perennial.GooseGlobalGS.casesOn
Perennial.gooseGlobalGS.ctorIdx	Perennial.GooseGlobalGS.ctorIdx
Perennial.gooseGlobalGS.goose_ffiGlobalGS	Perennial.GooseGlobalGS.gooseFfiGlobalGS
Perennial.gooseGlobalGS.goose_invGS	Perennial.GooseGlobalGS.gooseInvGS
Perennial.gooseGlobalGS.goose_prophGS	Perennial.GooseGlobalGS.goose_prophGS
Perennial.gooseGlobalGS.goose_receiptGS	Perennial.GooseGlobalGS.goose_receiptGS
Perennial.gooseGlobalGS.mk	Perennial.GooseGlobalGS.mk
Perennial.gooseGlobalGS.mk.noConfusion	Perennial.GooseGlobalGS.mk.noConfusion
Perennial.gooseGlobalGS.noConfusion	Perennial.GooseGlobalGS.noConfusion
Perennial.gooseGlobalGS.noConfusionType	Perennial.GooseGlobalGS.noConfusionType
Perennial.gooseGlobalGS.rec	Perennial.GooseGlobalGS.rec
Perennial.gooseGlobalGS.recOn	Perennial.GooseGlobalGS.recOn
Perennial.gooseGpreS	Perennial.GooseGpreS
Perennial.gooseGpreS.casesOn	Perennial.GooseGpreS.casesOn
Perennial.gooseGpreS.ctorIdx	Perennial.GooseGpreS.ctorIdx
Perennial.gooseGpreS.goose_preG_ffi	Perennial.GooseGpreS.goosePreGFfi
Perennial.gooseGpreS.goose_preG_go_state	Perennial.GooseGpreS.goose_preG_go_state
Perennial.gooseGpreS.goose_preG_heap	Perennial.GooseGpreS.goose_preG_heap
Perennial.gooseGpreS.goose_preG_iris	Perennial.GooseGpreS.goose_preG_iris
Perennial.gooseGpreS.goose_preG_proph	Perennial.GooseGpreS.goose_preG_proph
Perennial.gooseGpreS.goose_preG_receipt	Perennial.GooseGpreS.goose_preG_receipt
Perennial.gooseGpreS.mk	Perennial.GooseGpreS.mk
Perennial.gooseGpreS.mk.noConfusion	Perennial.GooseGpreS.mk.noConfusion
Perennial.gooseGpreS.noConfusion	Perennial.GooseGpreS.noConfusion
Perennial.gooseGpreS.noConfusionType	Perennial.GooseGpreS.noConfusionType
Perennial.gooseGpreS.rec	Perennial.GooseGpreS.rec
Perennial.gooseGpreS.recOn	Perennial.GooseGpreS.recOn
Perennial.gooseLocalGS	Perennial.GooseLocalGS
Perennial.gooseLocalGS.casesOn	Perennial.GooseLocalGS.casesOn
Perennial.gooseLocalGS.ctorIdx	Perennial.GooseLocalGS.ctorIdx
Perennial.gooseLocalGS.goose_ffiLocalGS	Perennial.GooseLocalGS.gooseFfiLocalGS
Perennial.gooseLocalGS.goose_go_local_context	Perennial.GooseLocalGS.goose_go_local_context
Perennial.gooseLocalGS.goose_go_stateGS	Perennial.GooseLocalGS.goose_go_stateGS
Perennial.gooseLocalGS.goose_na_heapGS	Perennial.GooseLocalGS.goose_na_heapGS
Perennial.gooseLocalGS.mk	Perennial.GooseLocalGS.mk
Perennial.gooseLocalGS.mk.noConfusion	Perennial.GooseLocalGS.mk.noConfusion
Perennial.gooseLocalGS.noConfusion	Perennial.GooseLocalGS.noConfusion
Perennial.gooseLocalGS.noConfusionType	Perennial.GooseLocalGS.noConfusionType
Perennial.gooseLocalGS.rec	Perennial.GooseLocalGS.rec
Perennial.gooseLocalGS.recOn	Perennial.GooseLocalGS.recOn
Perennial.goose_base_reducible	Perennial.GooseBaseReducible
Perennial.goose_bstate_interp	Perennial.gooseBstateInterp
Perennial.goose_cfg_interp	Perennial.gooseCfgInterp
Perennial.goose_diskGS	Perennial.gooseDiskGS
Perennial.goose_groveGS	Perennial.gooseGroveGS
Perennial.goose_groveNodeGS	Perennial.gooseGroveNodeGS
Perennial.goose_real_ectxi_lang	Perennial.gooseRealEctxiLang
Perennial.goose_real_lang	Perennial.gooseRealLang
Perennial.goose_reduceCtorEq	Perennial.gooseReduceCtorEq
Perennial.goose_reduceDecide	Perennial.gooseReduceDecide
Perennial.goose_reduceGoTypeEq	Perennial.gooseReduceGoTypeEq
Perennial.goose_reduceIteDecide	Perennial.gooseReduceIteDecide
Perennial.goose_reduceStrEq	Perennial.gooseReduceStrEq
Perennial.goose_replicateArrayLiteral	Perennial.gooseReplicateArrayLiteral
Perennial.goose_sintNatLit	Perennial.gooseSintNatLit
Perennial.goose_state_interp	Perennial.gooseStateInterp
Perennial.goose_uintNatLit	Perennial.gooseUintNatLit
Perennial.groveGS	Perennial.GroveGS
Perennial.groveGS.casesOn	Perennial.GroveGS.casesOn
Perennial.groveGS.ctorIdx	Perennial.GroveGS.ctorIdx
Perennial.groveGS.groveG_net_heapG	Perennial.GroveGS.groveGNetHeapG
Perennial.groveGS.groveG_timeG	Perennial.GroveGS.groveGTimeG
Perennial.groveGS.grove_time_name	Perennial.GroveGS.groveTimeName
Perennial.groveGS.mk	Perennial.GroveGS.mk
Perennial.groveGS.mk.noConfusion	Perennial.GroveGS.mk.noConfusion
Perennial.groveGS.noConfusion	Perennial.GroveGS.noConfusion
Perennial.groveGS.noConfusionType	Perennial.GroveGS.noConfusionType
Perennial.groveGS.rec	Perennial.GroveGS.rec
Perennial.groveGS.recOn	Perennial.GroveGS.recOn
Perennial.groveGpreS	Perennial.GroveGpreS
Perennial.groveGpreS.casesOn	Perennial.GroveGpreS.casesOn
Perennial.groveGpreS.ctorIdx	Perennial.GroveGpreS.ctorIdx
Perennial.groveGpreS.grove_preG_files_heapG	Perennial.GroveGpreS.grovePreGFilesHeapG
Perennial.groveGpreS.grove_preG_net_heapG	Perennial.GroveGpreS.grovePreGNetHeapG
Perennial.groveGpreS.grove_preG_tscG	Perennial.GroveGpreS.grovePreGTscG
Perennial.groveGpreS.mk	Perennial.GroveGpreS.mk
Perennial.groveGpreS.mk.noConfusion	Perennial.GroveGpreS.mk.noConfusion
Perennial.groveGpreS.noConfusion	Perennial.GroveGpreS.noConfusion
Perennial.groveGpreS.noConfusionType	Perennial.GroveGpreS.noConfusionType
Perennial.groveGpreS.rec	Perennial.GroveGpreS.rec
Perennial.groveGpreS.recOn	Perennial.GroveGpreS.recOn
Perennial.groveNodeGS	Perennial.GroveNodeGS
Perennial.groveNodeGS.casesOn	Perennial.GroveNodeGS.casesOn
Perennial.groveNodeGS.ctorIdx	Perennial.GroveNodeGS.ctorIdx
Perennial.groveNodeGS.groveG_files_heapG	Perennial.GroveNodeGS.groveGFilesHeapG
Perennial.groveNodeGS.groveG_preS	Perennial.GroveNodeGS.groveGPreS
Perennial.groveNodeGS.grove_tsc_name	Perennial.GroveNodeGS.groveTscName
Perennial.groveNodeGS.mk	Perennial.GroveNodeGS.mk
Perennial.groveNodeGS.mk.noConfusion	Perennial.GroveNodeGS.mk.noConfusion
Perennial.groveNodeGS.noConfusion	Perennial.GroveNodeGS.noConfusion
Perennial.groveNodeGS.noConfusionType	Perennial.GroveNodeGS.noConfusionType
Perennial.groveNodeGS.rec	Perennial.GroveNodeGS.rec
Perennial.groveNodeGS.recOn	Perennial.GroveNodeGS.recOn
Perennial.grove_ffi_step	Perennial.GroveFfiStep
Perennial.grove_global_state	Perennial.GroveGlobalState
Perennial.grove_global_state.casesOn	Perennial.GroveGlobalState.casesOn
Perennial.grove_global_state.ctorIdx	Perennial.GroveGlobalState.ctorIdx
Perennial.grove_global_state.grove_global_time	Perennial.GroveGlobalState.groveGlobalTime
Perennial.grove_global_state.grove_net	Perennial.GroveGlobalState.groveNet
Perennial.grove_global_state.mk	Perennial.GroveGlobalState.mk
Perennial.grove_global_state.mk.inj	Perennial.GroveGlobalState.mk.inj
Perennial.grove_global_state.mk.injEq	Perennial.GroveGlobalState.mk.injEq
Perennial.grove_global_state.mk.noConfusion	Perennial.GroveGlobalState.mk.noConfusion
Perennial.grove_global_state.mk.sizeOf_spec	Perennial.GroveGlobalState.mk.sizeOf_spec
Perennial.grove_global_state.noConfusion	Perennial.GroveGlobalState.noConfusion
Perennial.grove_global_state.noConfusionType	Perennial.GroveGlobalState.noConfusionType
Perennial.grove_global_state.rec	Perennial.GroveGlobalState.rec
Perennial.grove_global_state.recOn	Perennial.GroveGlobalState.recOn
Perennial.grove_global_state_inhabited	Perennial.groveGlobalState_inhabited
Perennial.grove_node_state	Perennial.GroveNodeState
Perennial.grove_node_state.casesOn	Perennial.GroveNodeState.casesOn
Perennial.grove_node_state.ctorIdx	Perennial.GroveNodeState.ctorIdx
Perennial.grove_node_state.grove_node_files	Perennial.GroveNodeState.groveNodeFiles
Perennial.grove_node_state.grove_node_tsc	Perennial.GroveNodeState.groveNodeTsc
Perennial.grove_node_state.mk	Perennial.GroveNodeState.mk
Perennial.grove_node_state.mk.inj	Perennial.GroveNodeState.mk.inj
Perennial.grove_node_state.mk.injEq	Perennial.GroveNodeState.mk.injEq
Perennial.grove_node_state.mk.noConfusion	Perennial.GroveNodeState.mk.noConfusion
Perennial.grove_node_state.mk.sizeOf_spec	Perennial.GroveNodeState.mk.sizeOf_spec
Perennial.grove_node_state.noConfusion	Perennial.GroveNodeState.noConfusion
Perennial.grove_node_state.noConfusionType	Perennial.GroveNodeState.noConfusionType
Perennial.grove_node_state.rec	Perennial.GroveNodeState.rec
Perennial.grove_node_state.recOn	Perennial.GroveNodeState.recOn
Perennial.grove_node_state_inhabited	Perennial.groveNodeState_inhabited
Perennial.grove_time_auth	Perennial.groveTimeAuth
Perennial.grove_tsc_auth	Perennial.groveTscAuth
Perennial.gset	Perennial.GSet
Perennial.gset.lawfulSet	Perennial.GSet.lawfulSet
Perennial.gset.mem_iff_lookup	Perennial.GSet.mem_iff_lookup
Perennial.handshake_inv	Perennial.handshakeInv
Perennial.heap_array	Perennial.heapArray
Perennial.heap_array_lookup_lt	Perennial.heapArray_lookup_lt
Perennial.heap_pointsto	Perennial.heapPointsto
Perennial.heap_pointsto_agree	Perennial.heapPointsto_agree
Perennial.heap_pointsto_as_dfractional	Perennial.heapPointsto_as_dfractional
Perennial.heap_pointsto_as_fractional	Perennial.heapPointsto_as_fractional
Perennial.heap_pointsto_combine_sep_gives	Perennial.heapPointsto_combine_sep_gives
Perennial.heap_pointsto_dfractional	Perennial.heapPointsto_dfractional
Perennial.heap_pointsto_frac_valid	Perennial.heapPointsto_frac_valid
Perennial.heap_pointsto_fractional	Perennial.heapPointsto_fractional
Perennial.heap_pointsto_na_acc	Perennial.heapPointsto_na_acc
Perennial.heap_pointsto_non_null	Perennial.heapPointsto_non_null
Perennial.heap_pointsto_non_null_dup	Perennial.heapPointsto_non_null_dup
Perennial.heap_pointsto_persist	Perennial.heapPointsto_persist
Perennial.heap_pointsto_persistent	Perennial.heapPointsto_persistent
Perennial.heap_pointsto_timeless	Perennial.heapPointsto_timeless
Perennial.heap_pointsto_valid	Perennial.heapPointsto_valid
Perennial.highest_addr	Perennial.highestAddr
Perennial.inflight_mset	Perennial.inflightMset
Perennial.init_disk	Perennial.initDisk
Perennial.init_disk_sz_lookup_ge	Perennial.initDisk_sz_lookup_ge
Perennial.interface.mk_ok	Perennial.interface.mkOk
Perennial.internal.race.get_is_pkg_init_wf_inst	Perennial.internal.race.get_isPkgInit_wf_inst
Perennial.internal.race.is_pkg_init_inst	Perennial.internal.race.isPkgInit_inst
Perennial.internal.runtime.atomic.get_is_pkg_init_wf_inst	Perennial.internal.runtime.atomic.get_isPkgInit_wf_inst
Perennial.internal.runtime.atomic.is_pkg_init_inst	Perennial.internal.runtime.atomic.isPkgInit_inst
Perennial.internal.runtime.sys.get_is_pkg_init_wf_inst	Perennial.internal.runtime.sys.get_isPkgInit_wf_inst
Perennial.internal.runtime.sys.is_pkg_init_inst	Perennial.internal.runtime.sys.isPkgInit_inst
Perennial.internal.synctest.get_is_pkg_init_wf_inst	Perennial.internal.synctest.get_isPkgInit_wf_inst
Perennial.internal.synctest.is_pkg_init_inst	Perennial.internal.synctest.isPkgInit_inst
Perennial.into_val_eq_iff	Perennial.intoVal_eq_iff
Perennial.into_val_inj_func	Perennial.intoVal_inj_func
Perennial.into_val_typed_Pointer	Perennial.intoVal_typed_Pointer
Perennial.into_val_typed_array	Perennial.intoVal_typed_array
Perennial.into_val_typed_bool	Perennial.intoVal_typed_bool
Perennial.into_val_typed_chan	Perennial.intoVal_typed_chan
Perennial.into_val_typed_float32	Perennial.intoVal_typed_float32
Perennial.into_val_typed_float64	Perennial.intoVal_typed_float64
Perennial.into_val_typed_func	Perennial.intoVal_typed_func
Perennial.into_val_typed_int	Perennial.intoVal_typed_int
Perennial.into_val_typed_int16	Perennial.intoVal_typed_int16
Perennial.into_val_typed_int32	Perennial.intoVal_typed_int32
Perennial.into_val_typed_int64	Perennial.intoVal_typed_int64
Perennial.into_val_typed_int8	Perennial.intoVal_typed_int8
Perennial.into_val_typed_interface	Perennial.intoVal_typed_interface
Perennial.into_val_typed_loc	Perennial.intoVal_typed_loc
Perennial.into_val_typed_map	Perennial.intoVal_typed_map
Perennial.into_val_typed_proph_id	Perennial.intoVal_typed_proph_id
Perennial.into_val_typed_slice	Perennial.intoVal_typed_slice
Perennial.into_val_typed_string	Perennial.intoVal_typed_string
Perennial.into_val_typed_uint	Perennial.intoVal_typed_uint
Perennial.into_val_typed_uint16	Perennial.intoVal_typed_uint16
Perennial.into_val_typed_uint32	Perennial.intoVal_typed_uint32
Perennial.into_val_typed_uint64	Perennial.intoVal_typed_uint64
Perennial.into_val_typed_uint8	Perennial.intoVal_typed_uint8
Perennial.into_val_typed_uintptr	Perennial.intoVal_typed_uintptr
Perennial.into_val_typed_unit	Perennial.intoVal_typed_unit
Perennial.io.get_is_pkg_init_wf_inst	Perennial.io.get_isPkgInit_wf_inst
Perennial.io.is_pkg_init_inst	Perennial.io.isPkgInit_inst
Perennial.isFresh	Perennial.IsFresh
Perennial.isFreshChan	Perennial.IsFreshChan
Perennial.is_Writing	Perennial.IsWriting
Perennial.is_Writing_Some	Perennial.isWriting_Some
Perennial.is_broadcast_chan_internal	Perennial.isBroadcastChanInternal
Perennial.is_broadcast_chan_internal_inv	Perennial.isBroadcastChanInternal_inv
Perennial.is_broadcast_chan_internal_is_chan	Perennial.isBroadcastChanInternal_is_chan
Perennial.is_broadcast_chan_internal_pers	Perennial.isBroadcastChanInternal_pers
Perennial.is_chan	Perennial.isChan
Perennial.is_chan.congr_simp	Perennial.isChan.congr_simp
Perennial.is_chan_bag	Perennial.isChanBag
Perennial.is_chan_bag_def	Perennial.isChanBagDef
Perennial.is_chan_bag_pers	Perennial.isChanBag_pers
Perennial.is_chan_bag_unseal	Perennial.isChanBag_unseal
Perennial.is_chan_def	Perennial.isChanDef
Perennial.is_chan_not_null	Perennial.isChan_not_null
Perennial.is_chan_pers	Perennial.isChan_pers
Perennial.is_chan_unseal	Perennial.isChan_unseal
Perennial.is_closed	Perennial.isClosed
Perennial.is_closed_persistent	Perennial.isClosed_persistent
Perennial.is_counted	Perennial.isCounted
Perennial.is_future	Perennial.isFuture
Perennial.is_future_pers	Perennial.isFuture_pers
Perennial.is_go_step	Perennial.IsGoStep
Perennial.is_grove_ffi_step	Perennial.IsGroveFfiStep
Perennial.is_handshake	Perennial.isHandshake
Perennial.is_handshake_persistent	Perennial.isHandshake_persistent
Perennial.is_init	Perennial.IsInit
Perennial.is_lock	Perennial.isLock
Perennial.is_lock.congr_simp	Perennial.isLock.congr_simp
Perennial.is_lock_channel	Perennial.isLockChannel
Perennial.is_lock_channel_is_chan	Perennial.isLockChannel_is_chan
Perennial.is_lock_channel_persistent	Perennial.isLockChannel_persistent
Perennial.is_lock_def	Perennial.isLockDef
Perennial.is_lock_eq_is_Mutex	Perennial.isLock_eq_is_Mutex
Perennial.is_lock_ne	Perennial.isLock_ne
Perennial.is_lock_persistent	Perennial.isLock_persistent
Perennial.is_lock_unseal	Perennial.isLock_unseal
Perennial.is_mpmc	Perennial.isMpmc
Perennial.is_mpmc_persistent	Perennial.isMpmc_persistent
Perennial.is_pkg_init	Perennial.isPkgInit
Perennial.is_pkg_init_access	Perennial.isPkgInit_access
Perennial.is_pkg_init_pers	Perennial.isPkgInit_pers
Perennial.is_pkg_init_unfold	Perennial.isPkgInit_unfold
Perennial.is_pkg_init_unfold_deps	Perennial.isPkgInit_unfold_deps
Perennial.is_pkg_init_wrap	Perennial.isPkgInitWrap
Perennial.is_read_lock	Perennial.IsReadLock
Perennial.is_read_unlock	Perennial.IsReadUnlock
Perennial.is_spsc	Perennial.isSpsc
Perennial.is_spsc_persistent	Perennial.isSpsc_persistent
Perennial.is_time_lb	Perennial.isTimeLb
Perennial.is_time_lb_mono	Perennial.isTimeLb_mono
Perennial.is_time_lb_persistent	Perennial.isTimeLb_persistent
Perennial.k8s_io.utils.third_party.forked.golang.btree.get_is_pkg_init_wf_inst	Perennial.k8s_io.utils.third_party.forked.golang.btree.get_isPkgInit_wf_inst
Perennial.k8s_io.utils.third_party.forked.golang.btree.is_pkg_init_inst	Perennial.k8s_io.utils.third_party.forked.golang.btree.isPkgInit_inst
Perennial.k8s_io.utils.third_party.forked.golang.btree.own_BTree	Perennial.k8s_io.utils.third_party.forked.golang.btree.ownBTree
Perennial.k8s_io.utils.third_party.forked.golang.btree.own_BTree_dfractional	Perennial.k8s_io.utils.third_party.forked.golang.btree.ownBTree_dfractional
Perennial.k8s_io.utils.third_party.forked.golang.btree.wp_BTree__Clone	Perennial.k8s_io.utils.third_party.forked.golang.btree.BTree.wp_Clone
Perennial.k8s_io.utils.third_party.forked.golang.btree.wp_BTree__Get	Perennial.k8s_io.utils.third_party.forked.golang.btree.BTree.wp_Get
Perennial.k8s_io.utils.third_party.forked.golang.btree.wp_BTree__ReplaceOrInsert	Perennial.k8s_io.utils.third_party.forked.golang.btree.BTree.wp_ReplaceOrInsert
Perennial.kes_toTree	Perennial.kesToTree
Perennial.kes_toTree_inj	Perennial.kesToTree_inj
Perennial.le_to_u32	Perennial.leToU32
Perennial.le_to_u32_def	Perennial.leToU32Def
Perennial.le_to_u32_le	Perennial.leToU32_le
Perennial.le_to_u32_unseal	Perennial.leToU32_unseal
Perennial.le_to_u64	Perennial.leToU64
Perennial.le_to_u64_def	Perennial.leToU64Def
Perennial.le_to_u64_le	Perennial.leToU64_le
Perennial.le_to_u64_unseal	Perennial.leToU64_unseal
Perennial.list_dedup	Perennial.listDedup
Perennial.list_dedup.eq_def	Perennial.listDedup.eq_def
Perennial.list_reln	Perennial.ListReln
Perennial.list_reln_snoc	Perennial.listReln_snoc
Perennial.list_reln_trans	Perennial.listReln_trans
Perennial.list_reln_trans_refl	Perennial.listReln_trans_refl
Perennial.list_splice	Perennial.listSplice
Perennial.list_splice_in_bounds	Perennial.listSplice_in_bounds
Perennial.list_splice_length	Perennial.listSplice_length
Perennial.list_to_mset	Perennial.listToMset
Perennial.list_to_mset_app	Perennial.listToMset_app
Perennial.list_to_mset_cons	Perennial.listToMset_cons
Perennial.list_to_mset_nil	Perennial.listToMset_nil
Perennial.load_array_body	Perennial.loadArrayBody
Perennial.loc.addr_base	Perennial.loc.addrBase
Perennial.loc.addr_offset	Perennial.loc.addrOffset
Perennial.loc.loc_car	Perennial.loc.locCar
Perennial.loc.loc_off	Perennial.loc.locOff
Perennial.lock_channel_inv	Perennial.lockChannelInv
Perennial.lock_channel_names	Perennial.LockChannelNames
Perennial.lock_channel_names.casesOn	Perennial.LockChannelNames.casesOn
Perennial.lock_channel_names.ctorIdx	Perennial.LockChannelNames.ctorIdx
Perennial.lock_channel_names.lchan_name	Perennial.LockChannelNames.lchanName
Perennial.lock_channel_names.locked_name	Perennial.LockChannelNames.lockedName
Perennial.lock_channel_names.mk	Perennial.LockChannelNames.mk
Perennial.lock_channel_names.mk.inj	Perennial.LockChannelNames.mk.inj
Perennial.lock_channel_names.mk.injEq	Perennial.LockChannelNames.mk.injEq
Perennial.lock_channel_names.mk.noConfusion	Perennial.LockChannelNames.mk.noConfusion
Perennial.lock_channel_names.mk.sizeOf_spec	Perennial.LockChannelNames.mk.sizeOf_spec
Perennial.lock_channel_names.noConfusion	Perennial.LockChannelNames.noConfusion
Perennial.lock_channel_names.noConfusionType	Perennial.LockChannelNames.noConfusionType
Perennial.lock_channel_names.rec	Perennial.LockChannelNames.rec
Perennial.lock_channel_names.recOn	Perennial.LockChannelNames.recOn
Perennial.lock_inv	Perennial.lockInv
Perennial.lock_inv.congr_simp	Perennial.lockInv.congr_simp
Perennial.lock_state	Perennial.LockState
Perennial.lock_state.RSt	Perennial.LockState.RSt
Perennial.lock_state.RSt.elim	Perennial.LockState.RSt.elim
Perennial.lock_state.RSt.inj	Perennial.LockState.RSt.inj
Perennial.lock_state.RSt.injEq	Perennial.LockState.RSt.injEq
Perennial.lock_state.RSt.noConfusion	Perennial.LockState.RSt.noConfusion
Perennial.lock_state.RSt.sizeOf_spec	Perennial.LockState.RSt.sizeOf_spec
Perennial.lock_state.WSt	Perennial.LockState.WSt
Perennial.lock_state.WSt.elim	Perennial.LockState.WSt.elim
Perennial.lock_state.WSt.sizeOf_spec	Perennial.LockState.WSt.sizeOf_spec
Perennial.lock_state.casesOn	Perennial.LockState.casesOn
Perennial.lock_state.ctorElim	Perennial.LockState.ctorElim
Perennial.lock_state.ctorElimType	Perennial.LockState.ctorElimType
Perennial.lock_state.ctorIdx	Perennial.LockState.ctorIdx
Perennial.lock_state.noConfusion	Perennial.LockState.noConfusion
Perennial.lock_state.noConfusionType	Perennial.LockState.noConfusionType
Perennial.lock_state.rec	Perennial.LockState.rec
Perennial.lock_state.recOn	Perennial.LockState.recOn
Perennial.lock_stateR	Perennial.LockStateR
Perennial.lock_stateR_total	Perennial.lockStateR_total
Perennial.lock_state_add	Perennial.lockStateAdd
Perennial.lock_state_add_RSt	Perennial.lockStateAdd_RSt
Perennial.lock_state_add_WSt	Perennial.lockStateAdd_WSt
Perennial.log.get_is_pkg_init_wf_inst	Perennial.log.get_isPkgInit_wf_inst
Perennial.log.is_pkg_init_inst	Perennial.log.isPkgInit_inst
Perennial.map_lookup_filter_key	Perennial.mapLookup_filter_key
Perennial.map_lookup_filter_key_in	Perennial.mapLookup_filter_key_in
Perennial.map_lookup_filter_key_notin	Perennial.mapLookup_filter_key_notin
Perennial.map_to_list_delete	Perennial.mapToList_delete
Perennial.map_to_list_insert_overwrite	Perennial.mapToList_insert_overwrite
Perennial.map_to_list_snd_delete	Perennial.mapToList_snd_delete
Perennial.map_to_list_snd_insert	Perennial.mapToList_snd_insert
Perennial.map_to_list_some_list	Perennial.mapToList_some_list
Perennial.map_zip	Perennial.mapZip
Perennial.map_zip_empty_l	Perennial.mapZip_empty_l
Perennial.map_zip_empty_r	Perennial.mapZip_empty_r
Perennial.map_zip_filter	Perennial.mapZip_filter
Perennial.map_zip_insert	Perennial.mapZip_insert
Perennial.map_zip_lookup_none_1	Perennial.mapZip_lookup_none_1
Perennial.map_zip_lookup_none_2	Perennial.mapZip_lookup_none_2
Perennial.map_zip_lookup_some	Perennial.mapZip_lookup_some
Perennial.map_zip_with_empty_l	Perennial.mapZip_with_empty_l
Perennial.map_zip_with_empty_r	Perennial.mapZip_with_empty_r
Perennial.math.bits.get_is_pkg_init_wf_inst	Perennial.math.bits.get_isPkgInit_wf_inst
Perennial.math.bits.is_pkg_init_inst	Perennial.math.bits.isPkgInit_inst
Perennial.math.bits.len_inv	Perennial.math.bits.LenInv
Perennial.math.bits.len_inv_init	Perennial.math.bits.lenInv_init
Perennial.math.bits.len_inv_no	Perennial.math.bits.lenInv_no
Perennial.math.bits.len_inv_yes	Perennial.math.bits.lenInv_yes
Perennial.math.get_is_pkg_init_wf_inst	Perennial.math.get_isPkgInit_wf_inst
Perennial.math.is_pkg_init_inst	Perennial.math.isPkgInit_inst
Perennial.message.msg_data	Perennial.message.msgData
Perennial.message.msg_sender	Perennial.message.msgSender
Perennial.mono_list_auth_own	Perennial.monoListAuthOwn
Perennial.mono_list_auth_own_agree	Perennial.monoListAuthOwn_agree
Perennial.mono_list_auth_own_as_fractional	Perennial.monoListAuthOwn_as_fractional
Perennial.mono_list_auth_own_exclusive	Perennial.monoListAuthOwn_exclusive
Perennial.mono_list_auth_own_fractional	Perennial.monoListAuthOwn_fractional
Perennial.mono_list_auth_own_timeless	Perennial.monoListAuthOwn_timeless
Perennial.mono_list_auth_own_update	Perennial.monoListAuthOwn_update
Perennial.mono_list_auth_own_update_app	Perennial.monoListAuthOwn_update_app
Perennial.mono_list_idx_own	Perennial.monoListIdxOwn
Perennial.mono_list_idx_own_get	Perennial.monoListIdxOwn_get
Perennial.mono_list_idx_own_persistent	Perennial.monoListIdxOwn_persistent
Perennial.mono_list_idx_own_timeless	Perennial.monoListIdxOwn_timeless
Perennial.mono_list_lb_own	Perennial.monoListLbOwn
Perennial.mono_list_lb_own_get	Perennial.monoListLbOwn_get
Perennial.mono_list_lb_own_le	Perennial.monoListLbOwn_le
Perennial.mono_list_lb_own_nil	Perennial.monoListLbOwn_nil
Perennial.mono_list_lb_own_persistent	Perennial.monoListLbOwn_persistent
Perennial.mono_list_lb_own_timeless	Perennial.monoListLbOwn_timeless
Perennial.mono_nat_auth_own	Perennial.monoNatAuthOwn
Perennial.mono_nat_auth_own_agree	Perennial.monoNatAuthOwn_agree
Perennial.mono_nat_auth_own_as_fractional	Perennial.monoNatAuthOwn_as_fractional
Perennial.mono_nat_auth_own_exclusive	Perennial.monoNatAuthOwn_exclusive
Perennial.mono_nat_auth_own_fractional	Perennial.monoNatAuthOwn_fractional
Perennial.mono_nat_auth_own_timeless	Perennial.monoNatAuthOwn_timeless
Perennial.mono_nat_lb_own	Perennial.monoNatLbOwn
Perennial.mono_nat_lb_own_0	Perennial.monoNatLbOwn_0
Perennial.mono_nat_lb_own_get	Perennial.monoNatLbOwn_get
Perennial.mono_nat_lb_own_le	Perennial.monoNatLbOwn_le
Perennial.mono_nat_lb_own_persistent	Perennial.monoNatLbOwn_persistent
Perennial.mono_nat_lb_own_timeless	Perennial.monoNatLbOwn_timeless
Perennial.mono_nat_lb_own_valid	Perennial.monoNatLbOwn_valid
Perennial.mpmc_closed_part	Perennial.mpmcClosedPart
Perennial.mpmc_consumer	Perennial.mpmcConsumer
Perennial.mpmc_inv	Perennial.mpmcInv
Perennial.mpmc_inv_elim	Perennial.mpmcInv_elim
Perennial.mpmc_inv_intro	Perennial.mpmcInv_intro
Perennial.mpmc_inv_match	Perennial.mpmcInvMatch
Perennial.mpmc_names	Perennial.MpmcNames
Perennial.mpmc_names.casesOn	Perennial.MpmcNames.casesOn
Perennial.mpmc_names.ctorIdx	Perennial.MpmcNames.ctorIdx
Perennial.mpmc_names.mk	Perennial.MpmcNames.mk
Perennial.mpmc_names.mk.inj	Perennial.MpmcNames.mk.inj
Perennial.mpmc_names.mk.injEq	Perennial.MpmcNames.mk.injEq
Perennial.mpmc_names.mk.noConfusion	Perennial.MpmcNames.mk.noConfusion
Perennial.mpmc_names.mk.sizeOf_spec	Perennial.MpmcNames.mk.sizeOf_spec
Perennial.mpmc_names.mpmc_chan_name	Perennial.MpmcNames.mpmcChanName
Perennial.mpmc_names.mpmc_closed_name	Perennial.MpmcNames.mpmcClosedName
Perennial.mpmc_names.mpmc_recv_name	Perennial.MpmcNames.mpmcRecvName
Perennial.mpmc_names.mpmc_sent_name	Perennial.MpmcNames.mpmcSentName
Perennial.mpmc_names.noConfusion	Perennial.MpmcNames.noConfusion
Perennial.mpmc_names.noConfusionType	Perennial.MpmcNames.noConfusionType
Perennial.mpmc_names.rec	Perennial.MpmcNames.rec
Perennial.mpmc_names.recOn	Perennial.MpmcNames.recOn
Perennial.mpmc_producer	Perennial.mpmcProducer
Perennial.mset	Perennial.MSet
Perennial.mset_frag	Perennial.msetFrag
Perennial.mset_frag_inj	Perennial.msetFrag_inj
Perennial.mset_frag_op	Perennial.msetFrag_op
Perennial.mset_frag_unit	Perennial.msetFrag_unit
Perennial.mset_frag_valid	Perennial.msetFrag_valid
Perennial.mset_singleton	Perennial.msetSingleton
Perennial.mset_sum	Perennial.msetSum
Perennial.mset_sum_cons	Perennial.msetSum_cons
Perennial.mset_sum_nil	Perennial.msetSum_nil
Perennial.mul_overflows	Perennial.mulOverflows
Perennial.naMode	Perennial.NaMode
Perennial.naMode.Reading	Perennial.NaMode.Reading
Perennial.naMode.Reading.elim	Perennial.NaMode.Reading.elim
Perennial.naMode.Reading.inj	Perennial.NaMode.Reading.inj
Perennial.naMode.Reading.injEq	Perennial.NaMode.Reading.injEq
Perennial.naMode.Reading.noConfusion	Perennial.NaMode.Reading.noConfusion
Perennial.naMode.Reading.sizeOf_spec	Perennial.NaMode.Reading.sizeOf_spec
Perennial.naMode.Writing	Perennial.NaMode.Writing
Perennial.naMode.Writing.elim	Perennial.NaMode.Writing.elim
Perennial.naMode.Writing.sizeOf_spec	Perennial.NaMode.Writing.sizeOf_spec
Perennial.naMode.casesOn	Perennial.NaMode.casesOn
Perennial.naMode.ctorElim	Perennial.NaMode.ctorElim
Perennial.naMode.ctorElimType	Perennial.NaMode.ctorElimType
Perennial.naMode.ctorIdx	Perennial.NaMode.ctorIdx
Perennial.naMode.noConfusion	Perennial.NaMode.noConfusion
Perennial.naMode.noConfusionType	Perennial.NaMode.noConfusionType
Perennial.naMode.rec	Perennial.NaMode.rec
Perennial.naMode.recOn	Perennial.NaMode.recOn
Perennial.naMode_rl	Perennial.naModeRl
Perennial.naMode_rl_is_read_lock	Perennial.naModeRl_is_read_lock
Perennial.naMode_url	Perennial.naModeUrl
Perennial.naMode_url_is_read_unlock	Perennial.naModeUrl_is_read_unlock
Perennial.na_heapGS	Perennial.NaHeapGS
Perennial.na_heapGS.casesOn	Perennial.NaHeapGS.casesOn
Perennial.na_heapGS.ctorIdx	Perennial.NaHeapGS.ctorIdx
Perennial.na_heapGS.mk	Perennial.NaHeapGS.mk
Perennial.na_heapGS.mk.noConfusion	Perennial.NaHeapGS.mk.noConfusion
Perennial.na_heapGS.na_heap_inG	Perennial.NaHeapGS.na_heap_inG
Perennial.na_heapGS.na_heap_name	Perennial.NaHeapGS.naHeapName
Perennial.na_heapGS.noConfusion	Perennial.NaHeapGS.noConfusion
Perennial.na_heapGS.noConfusionType	Perennial.NaHeapGS.noConfusionType
Perennial.na_heapGS.rec	Perennial.NaHeapGS.rec
Perennial.na_heapGS.recOn	Perennial.NaHeapGS.recOn
Perennial.na_heapGpreS	Perennial.NaHeapGpreS
Perennial.na_heapGpreS.casesOn	Perennial.NaHeapGpreS.casesOn
Perennial.na_heapGpreS.ctorIdx	Perennial.NaHeapGpreS.ctorIdx
Perennial.na_heapGpreS.mk	Perennial.NaHeapGpreS.mk
Perennial.na_heapGpreS.mk.noConfusion	Perennial.NaHeapGpreS.mk.noConfusion
Perennial.na_heapGpreS.na_heap_preG_inG	Perennial.NaHeapGpreS.na_heap_preG_inG
Perennial.na_heapGpreS.noConfusion	Perennial.NaHeapGpreS.noConfusion
Perennial.na_heapGpreS.noConfusionType	Perennial.NaHeapGpreS.noConfusionType
Perennial.na_heapGpreS.rec	Perennial.NaHeapGpreS.rec
Perennial.na_heapGpreS.recOn	Perennial.NaHeapGpreS.recOn
Perennial.na_heapUR	Perennial.NaHeapUR
Perennial.na_heap_cmra	Perennial.NaHeapCmra
Perennial.na_heap_cmra_valid	Perennial.naHeapCmra_valid
Perennial.na_heap_ctx	Perennial.naHeapCtx
Perennial.na_heap_pointsto	Perennial.naHeapPointsto
Perennial.na_heap_pointsto_agree	Perennial.naHeapPointsto_agree
Perennial.na_heap_pointsto_as_dfractional	Perennial.naHeapPointsto_as_dfractional
Perennial.na_heap_pointsto_as_fractional	Perennial.naHeapPointsto_as_fractional
Perennial.na_heap_pointsto_combine_sep_gives	Perennial.naHeapPointsto_combine_sep_gives
Perennial.na_heap_pointsto_dfractional	Perennial.naHeapPointsto_dfractional
Perennial.na_heap_pointsto_frac_valid	Perennial.naHeapPointsto_frac_valid
Perennial.na_heap_pointsto_fractional	Perennial.naHeapPointsto_fractional
Perennial.na_heap_pointsto_lookup	Perennial.naHeapPointsto_lookup
Perennial.na_heap_pointsto_lookup_1	Perennial.naHeapPointsto_lookup_1
Perennial.na_heap_pointsto_persist	Perennial.naHeapPointsto_persist
Perennial.na_heap_pointsto_persistent	Perennial.naHeapPointsto_persistent
Perennial.na_heap_pointsto_st	Perennial.naHeapPointstoSt
Perennial.na_heap_pointsto_st_WSt_agree	Perennial.naHeapPointstoSt_WSt_agree
Perennial.na_heap_pointsto_st_agree	Perennial.naHeapPointstoSt_agree
Perennial.na_heap_pointsto_st_frac_valid	Perennial.naHeapPointstoSt_frac_valid
Perennial.na_heap_pointsto_st_fractional	Perennial.naHeapPointstoSt_fractional
Perennial.na_heap_pointsto_st_op	Perennial.naHeapPointstoSt_op
Perennial.na_heap_pointsto_st_rd_frac	Perennial.naHeapPointstoSt_rd_frac
Perennial.na_heap_pointsto_st_timeless	Perennial.naHeapPointstoSt_timeless
Perennial.na_heap_pointsto_st_valid	Perennial.naHeapPointstoSt_valid
Perennial.na_heap_pointsto_st_valid_2	Perennial.naHeapPointstoSt_valid_2
Perennial.na_heap_pointsto_timeless	Perennial.naHeapPointsto_timeless
Perennial.na_heap_pointsto_valid	Perennial.naHeapPointsto_valid
Perennial.nonAtomic	Perennial.NonAtomic
Perennial.nonblocking_recv_au	Perennial.nonblockingRecvAu
Perennial.nonblocking_recv_au_alt	Perennial.nonblockingRecvAuAlt
Perennial.nonblocking_recv_au_alt_wand	Perennial.nonblockingRecvAuAlt_wand
Perennial.nonblocking_recv_au_inner	Perennial.nonblockingRecvAuInner
Perennial.nonblocking_recv_au_inner_wand	Perennial.nonblockingRecvAuInner_wand
Perennial.nonblocking_send_au	Perennial.nonblockingSendAu
Perennial.nonblocking_send_au_alt	Perennial.nonblockingSendAuAlt
Perennial.nonblocking_send_au_alt_wand	Perennial.nonblockingSendAuAlt_wand
Perennial.nonblocking_send_au_inner	Perennial.nonblockingSendAuInner
Perennial.nonblocking_send_au_inner_wand	Perennial.nonblockingSendAuInner_wand
Perennial.observation	Perennial.Observation
Perennial.offer_lock	Perennial.OfferLock
Perennial.offer_lock.Rcv	Perennial.OfferLock.Rcv
Perennial.offer_lock.Rcv.elim	Perennial.OfferLock.Rcv.elim
Perennial.offer_lock.Rcv.sizeOf_spec	Perennial.OfferLock.Rcv.sizeOf_spec
Perennial.offer_lock.Snd	Perennial.OfferLock.Snd
Perennial.offer_lock.Snd.elim	Perennial.OfferLock.Snd.elim
Perennial.offer_lock.Snd.inj	Perennial.OfferLock.Snd.inj
Perennial.offer_lock.Snd.injEq	Perennial.OfferLock.Snd.injEq
Perennial.offer_lock.Snd.noConfusion	Perennial.OfferLock.Snd.noConfusion
Perennial.offer_lock.Snd.sizeOf_spec	Perennial.OfferLock.Snd.sizeOf_spec
Perennial.offer_lock.casesOn	Perennial.OfferLock.casesOn
Perennial.offer_lock.countable	Perennial.OfferLock.countable
Perennial.offer_lock.ctorElim	Perennial.OfferLock.ctorElim
Perennial.offer_lock.ctorElimType	Perennial.OfferLock.ctorElimType
Perennial.offer_lock.ctorIdx	Perennial.OfferLock.ctorIdx
Perennial.offer_lock.noConfusion	Perennial.OfferLock.noConfusion
Perennial.offer_lock.noConfusionType	Perennial.OfferLock.noConfusionType
Perennial.offer_lock.rec	Perennial.OfferLock.rec
Perennial.offer_lock.recOn	Perennial.OfferLock.recOn
Perennial.optexpr_toTree	Perennial.optexprToTree
Perennial.optexpr_toTree_inj	Perennial.optexprToTree_inj
Perennial.optiface_toTree	Perennial.optifaceToTree
Perennial.optiface_toTree_inj	Perennial.optifaceToTree_inj
Perennial.optkey_toTree	Perennial.optkeyToTree
Perennial.optkey_toTree_inj	Perennial.optkeyToTree_inj
Perennial.own_aprop	Perennial.ownAprop
Perennial.own_aprop_auth	Perennial.ownApropAuth
Perennial.own_aprop_auth_add	Perennial.ownApropAuth_add
Perennial.own_aprop_auth_agree	Perennial.ownApropAuth_agree
Perennial.own_aprop_auth_agree'	Perennial.ownApropAuth_agree'
Perennial.own_aprop_auth_alloc	Perennial.ownApropAuth_alloc
Perennial.own_aprop_auth_le	Perennial.ownApropAuth_le
Perennial.own_aprop_auth_le'	Perennial.ownApropAuth_le'
Perennial.own_aprop_auth_reset	Perennial.ownApropAuth_reset
Perennial.own_aprop_frag	Perennial.ownApropFrag
Perennial.own_aprop_frag_0	Perennial.ownApropFrag_0
Perennial.own_aprop_frag_combine	Perennial.ownApropFrag_combine
Perennial.own_broadcast_chan	Perennial.ownBroadcastChan
Perennial.own_broadcast_chan_Done_pers	Perennial.ownBroadcastChan_Done_pers
Perennial.own_broadcast_chan_Unknown	Perennial.ownBroadcastChan_Unknown
Perennial.own_broadcast_chan_Unknown_pers	Perennial.ownBroadcastChan_Unknown_pers
Perennial.own_broadcast_chan_close	Perennial.ownBroadcastChan_close
Perennial.own_broadcast_chan_def	Perennial.ownBroadcastChanDef
Perennial.own_broadcast_chan_is_chan	Perennial.ownBroadcastChan_is_chan
Perennial.own_broadcast_chan_nonblocking_receive	Perennial.ownBroadcastChan_nonblocking_receive
Perennial.own_broadcast_chan_open	Perennial.ownBroadcastChan_open
Perennial.own_broadcast_chan_unseal	Perennial.ownBroadcastChan_unseal
Perennial.own_chan	Perennial.ownChan
Perennial.own_chan_agree	Perennial.ownChan_agree
Perennial.own_chan_buffer_size	Perennial.ownChan_buffer_size
Perennial.own_chan_cap_valid	Perennial.ownChan_cap_valid
Perennial.own_chan_def	Perennial.ownChanDef
Perennial.own_chan_drain_size	Perennial.ownChan_drain_size
Perennial.own_chan_halves_update	Perennial.ownChan_halves_update
Perennial.own_chan_intro	Perennial.ownChan_intro
Perennial.own_chan_timeless	Perennial.ownChan_timeless
Perennial.own_chan_unseal	Perennial.ownChan_unseal
Perennial.own_go_state	Perennial.ownGoState
Perennial.own_go_state_ctx	Perennial.ownGoStateCtx
Perennial.own_go_state_ctx_combine_sep_gives	Perennial.ownGoStateCtx_combine_sep_gives
Perennial.own_go_state_timeless	Perennial.ownGoState_timeless
Perennial.own_go_state_update	Perennial.ownGoState_update
Perennial.own_initializing	Perennial.ownInitializing
Perennial.own_initializing_def	Perennial.ownInitializingDef
Perennial.own_initializing_unseal	Perennial.ownInitializing_unseal
Perennial.own_lock	Perennial.ownLock
Perennial.own_lock.congr_simp	Perennial.ownLock.congr_simp
Perennial.own_lock_def	Perennial.ownLockDef
Perennial.own_lock_exclusive	Perennial.ownLock_exclusive
Perennial.own_lock_unseal	Perennial.ownLock_unseal
Perennial.own_map	Perennial.ownMap
Perennial.own_map_def	Perennial.ownMapDef
Perennial.own_map_discarded_persist	Perennial.ownMap_discarded_persist
Perennial.own_map_not_nil	Perennial.ownMap_not_nil
Perennial.own_map_persist	Perennial.ownMap_persist
Perennial.own_map_timeless	Perennial.ownMap_timeless
Perennial.own_map_unseal	Perennial.ownMap_unseal
Perennial.own_map_update_into_persistently	Perennial.ownMap_update_into_persistently
Perennial.own_slice	Perennial.ownSlice
Perennial.own_slice.congr_simp	Perennial.ownSlice.congr_simp
Perennial.own_slice_agree	Perennial.ownSlice_agree
Perennial.own_slice_as_dfractional	Perennial.ownSlice_as_dfractional
Perennial.own_slice_as_fractional	Perennial.ownSlice_as_fractional
Perennial.own_slice_cap	Perennial.ownSliceCap
Perennial.own_slice_cap.congr_simp	Perennial.ownSliceCap.congr_simp
Perennial.own_slice_cap_as_dfractional	Perennial.ownSliceCap_as_dfractional
Perennial.own_slice_cap_def	Perennial.ownSliceCapDef
Perennial.own_slice_cap_dfractional	Perennial.ownSliceCap_dfractional
Perennial.own_slice_cap_empty	Perennial.ownSliceCap_empty
Perennial.own_slice_cap_nil	Perennial.ownSliceCap_nil
Perennial.own_slice_cap_persistent	Perennial.ownSliceCap_persistent
Perennial.own_slice_cap_slice	Perennial.ownSliceCap_slice
Perennial.own_slice_cap_slice_change_first	Perennial.ownSliceCap_slice_change_first
Perennial.own_slice_cap_split	Perennial.ownSliceCap_split
Perennial.own_slice_cap_unseal	Perennial.ownSliceCap_unseal
Perennial.own_slice_cap_update_to_persistent	Perennial.ownSliceCap_update_to_persistent
Perennial.own_slice_cap_wf	Perennial.ownSliceCap_wf
Perennial.own_slice_cap_wf'	Perennial.ownSliceCap_wf'
Perennial.own_slice_combine	Perennial.ownSlice_combine
Perennial.own_slice_combine_sep_as	Perennial.ownSlice_combine_sep_as
Perennial.own_slice_combine_sep_gives	Perennial.ownSlice_combine_sep_gives
Perennial.own_slice_def	Perennial.ownSliceDef
Perennial.own_slice_dfractional	Perennial.ownSlice_dfractional
Perennial.own_slice_elem_acc	Perennial.ownSlice_elem_acc
Perennial.own_slice_empty	Perennial.ownSlice_empty
Perennial.own_slice_fractional	Perennial.ownSlice_fractional
Perennial.own_slice_len	Perennial.ownSlice_len
Perennial.own_slice_nil	Perennial.ownSlice_nil
Perennial.own_slice_persist	Perennial.ownSlice_persist
Perennial.own_slice_persistent	Perennial.ownSlice_persistent
Perennial.own_slice_pop	Perennial.ownSlice_pop
Perennial.own_slice_slice	Perennial.ownSlice_slice
Perennial.own_slice_slice_absorb_capacity	Perennial.ownSlice_slice_absorb_capacity
Perennial.own_slice_slice_into_capacity	Perennial.ownSlice_slice_into_capacity
Perennial.own_slice_slice_with_cap	Perennial.ownSlice_slice_with_cap
Perennial.own_slice_split	Perennial.ownSlice_split
Perennial.own_slice_split_all	Perennial.ownSlice_split_all
Perennial.own_slice_timeless	Perennial.ownSlice_timeless
Perennial.own_slice_trivial_slice	Perennial.ownSlice_trivial_slice
Perennial.own_slice_trivial_slice_2	Perennial.ownSlice_trivial_slice_2
Perennial.own_slice_unseal	Perennial.ownSlice_unseal
Perennial.own_slice_update_to_dfrac	Perennial.ownSlice_update_to_dfrac
Perennial.own_slice_update_to_persistent	Perennial.ownSlice_update_to_persistent
Perennial.own_slice_wf	Perennial.ownSlice_wf
Perennial.own_slice_wf'	Perennial.ownSlice_wf'
Perennial.own_time	Perennial.ownTime
Perennial.own_time_get_lb	Perennial.ownTime_get_lb
Perennial.own_tok_auth	Perennial.ownTokAuth
Perennial.own_tok_auth_S	Perennial.ownTokAuth_S
Perennial.own_tok_auth_add	Perennial.ownTokAuth_add
Perennial.own_tok_auth_alloc	Perennial.ownTokAuth_alloc
Perennial.own_tok_auth_as_fractional	Perennial.ownTokAuth_as_fractional
Perennial.own_tok_auth_combine_as	Perennial.ownTokAuth_combine_as
Perennial.own_tok_auth_combine_gives_as	Perennial.ownTokAuth_combine_gives_as
Perennial.own_tok_auth_delete_S	Perennial.ownTokAuth_delete_S
Perennial.own_tok_auth_dfrac	Perennial.ownTokAuthDfrac
Perennial.own_tok_auth_dfrac_Persistent	Perennial.ownTokAuthDfrac_Persistent
Perennial.own_tok_auth_dfrac_Timeless	Perennial.ownTokAuthDfrac_Timeless
Perennial.own_tok_auth_dfrac_def	Perennial.ownTokAuthDfracDef
Perennial.own_tok_auth_dfrac_unseal	Perennial.ownTokAuthDfrac_unseal
Perennial.own_tok_auth_dfrac_update_to_persistent	Perennial.ownTokAuthDfrac_update_to_persistent
Perennial.own_tok_auth_fractional	Perennial.ownTokAuth_fractional
Perennial.own_tok_auth_sub	Perennial.ownTokAuth_sub
Perennial.own_tok_auth_toks_combine_gives_as	Perennial.ownTokAuth_toks_combine_gives_as
Perennial.own_toks	Perennial.ownToks
Perennial.own_toks_0	Perennial.ownToks_0
Perennial.own_toks_Timeless	Perennial.ownToks_Timeless
Perennial.own_toks_add	Perennial.ownToks_add
Perennial.own_toks_add_1	Perennial.ownToks_add_1
Perennial.own_toks_add_2	Perennial.ownToks_add_2
Perennial.own_toks_combine_as	Perennial.ownToks_combine_as
Perennial.own_toks_def	Perennial.ownToksDef
Perennial.own_toks_unseal	Perennial.ownToks_unseal
Perennial.package.init_def	Perennial.package.initDef
Perennial.pointsto_block	Perennial.pointstoBlock
Perennial.pointsto_block_extract	Perennial.pointstoBlock_extract
Perennial.pointsto_block_timeless	Perennial.pointstoBlock_timeless
Perennial.pointsto_vals	Perennial.pointstoVals
Perennial.positive.of_nat	Perennial.positive.ofNat
Perennial.prim_op0	Perennial.PrimOp0
Perennial.prim_op0.ArbitraryIntOp	Perennial.PrimOp0.ArbitraryIntOp
Perennial.prim_op0.ArbitraryIntOp.elim	Perennial.PrimOp0.ArbitraryIntOp.elim
Perennial.prim_op0.ArbitraryIntOp.sizeOf_spec	Perennial.PrimOp0.ArbitraryIntOp.sizeOf_spec
Perennial.prim_op0.PanicOp	Perennial.PrimOp0.PanicOp
Perennial.prim_op0.PanicOp.elim	Perennial.PrimOp0.PanicOp.elim
Perennial.prim_op0.PanicOp.inj	Perennial.PrimOp0.PanicOp.inj
Perennial.prim_op0.PanicOp.injEq	Perennial.PrimOp0.PanicOp.injEq
Perennial.prim_op0.PanicOp.noConfusion	Perennial.PrimOp0.PanicOp.noConfusion
Perennial.prim_op0.PanicOp.sizeOf_spec	Perennial.PrimOp0.PanicOp.sizeOf_spec
Perennial.prim_op0.casesOn	Perennial.PrimOp0.casesOn
Perennial.prim_op0.countable	Perennial.PrimOp0.countable
Perennial.prim_op0.ctorElim	Perennial.PrimOp0.ctorElim
Perennial.prim_op0.ctorElimType	Perennial.PrimOp0.ctorElimType
Perennial.prim_op0.ctorIdx	Perennial.PrimOp0.ctorIdx
Perennial.prim_op0.noConfusion	Perennial.PrimOp0.noConfusion
Perennial.prim_op0.noConfusionType	Perennial.PrimOp0.noConfusionType
Perennial.prim_op0.ofTree	Perennial.PrimOp0.ofTree
Perennial.prim_op0.rec	Perennial.PrimOp0.rec
Perennial.prim_op0.recOn	Perennial.PrimOp0.recOn
Perennial.prim_op0.toTree	Perennial.PrimOp0.toTree
Perennial.prim_op1	Perennial.PrimOp1
Perennial.prim_op1.AllocOp	Perennial.PrimOp1.AllocOp
Perennial.prim_op1.AllocOp.elim	Perennial.PrimOp1.AllocOp.elim
Perennial.prim_op1.AllocOp.sizeOf_spec	Perennial.PrimOp1.AllocOp.sizeOf_spec
Perennial.prim_op1.FinishReadOp	Perennial.PrimOp1.FinishReadOp
Perennial.prim_op1.FinishReadOp.elim	Perennial.PrimOp1.FinishReadOp.elim
Perennial.prim_op1.FinishReadOp.sizeOf_spec	Perennial.PrimOp1.FinishReadOp.sizeOf_spec
Perennial.prim_op1.LoadOp	Perennial.PrimOp1.LoadOp
Perennial.prim_op1.LoadOp.elim	Perennial.PrimOp1.LoadOp.elim
Perennial.prim_op1.LoadOp.sizeOf_spec	Perennial.PrimOp1.LoadOp.sizeOf_spec
Perennial.prim_op1.PrepareWriteOp	Perennial.PrimOp1.PrepareWriteOp
Perennial.prim_op1.PrepareWriteOp.elim	Perennial.PrimOp1.PrepareWriteOp.elim
Perennial.prim_op1.PrepareWriteOp.sizeOf_spec	Perennial.PrimOp1.PrepareWriteOp.sizeOf_spec
Perennial.prim_op1.StartReadOp	Perennial.PrimOp1.StartReadOp
Perennial.prim_op1.StartReadOp.elim	Perennial.PrimOp1.StartReadOp.elim
Perennial.prim_op1.StartReadOp.sizeOf_spec	Perennial.PrimOp1.StartReadOp.sizeOf_spec
Perennial.prim_op1.casesOn	Perennial.PrimOp1.casesOn
Perennial.prim_op1.countable	Perennial.PrimOp1.countable
Perennial.prim_op1.ctorElim	Perennial.PrimOp1.ctorElim
Perennial.prim_op1.ctorElimType	Perennial.PrimOp1.ctorElimType
Perennial.prim_op1.ctorIdx	Perennial.PrimOp1.ctorIdx
Perennial.prim_op1.fromNat	Perennial.PrimOp1.fromNat
Perennial.prim_op1.noConfusion	Perennial.PrimOp1.noConfusion
Perennial.prim_op1.noConfusionType	Perennial.PrimOp1.noConfusionType
Perennial.prim_op1.ofNat	Perennial.PrimOp1.ofNat
Perennial.prim_op1.ofNat_ctorIdx	Perennial.PrimOp1.ofNat_ctorIdx
Perennial.prim_op1.rec	Perennial.PrimOp1.rec
Perennial.prim_op1.recOn	Perennial.PrimOp1.recOn
Perennial.prim_op1.toNat	Perennial.PrimOp1.toNat
Perennial.prim_op2	Perennial.PrimOp2
Perennial.prim_op2.AtomicAddOp	Perennial.PrimOp2.AtomicAddOp
Perennial.prim_op2.AtomicAddOp.elim	Perennial.PrimOp2.AtomicAddOp.elim
Perennial.prim_op2.AtomicAddOp.sizeOf_spec	Perennial.PrimOp2.AtomicAddOp.sizeOf_spec
Perennial.prim_op2.AtomicSwapOp	Perennial.PrimOp2.AtomicSwapOp
Perennial.prim_op2.AtomicSwapOp.elim	Perennial.PrimOp2.AtomicSwapOp.elim
Perennial.prim_op2.AtomicSwapOp.sizeOf_spec	Perennial.PrimOp2.AtomicSwapOp.sizeOf_spec
Perennial.prim_op2.FinishStoreOp	Perennial.PrimOp2.FinishStoreOp
Perennial.prim_op2.FinishStoreOp.elim	Perennial.PrimOp2.FinishStoreOp.elim
Perennial.prim_op2.FinishStoreOp.sizeOf_spec	Perennial.PrimOp2.FinishStoreOp.sizeOf_spec
Perennial.prim_op2.casesOn	Perennial.PrimOp2.casesOn
Perennial.prim_op2.countable	Perennial.PrimOp2.countable
Perennial.prim_op2.ctorElim	Perennial.PrimOp2.ctorElim
Perennial.prim_op2.ctorElimType	Perennial.PrimOp2.ctorElimType
Perennial.prim_op2.ctorIdx	Perennial.PrimOp2.ctorIdx
Perennial.prim_op2.fromNat	Perennial.PrimOp2.fromNat
Perennial.prim_op2.noConfusion	Perennial.PrimOp2.noConfusion
Perennial.prim_op2.noConfusionType	Perennial.PrimOp2.noConfusionType
Perennial.prim_op2.ofNat	Perennial.PrimOp2.ofNat
Perennial.prim_op2.ofNat_ctorIdx	Perennial.PrimOp2.ofNat_ctorIdx
Perennial.prim_op2.rec	Perennial.PrimOp2.rec
Perennial.prim_op2.recOn	Perennial.PrimOp2.recOn
Perennial.prim_op2.toNat	Perennial.PrimOp2.toNat
Perennial.real_not_stuck	Perennial.RealNotStuck
Perennial.real_not_stuck_of_bounded	Perennial.realNotStuck_of_bounded
Perennial.real_nsteps	Perennial.RealNsteps
Perennial.real_prim_step	Perennial.RealPrimStep
Perennial.receiptGS	Perennial.ReceiptGS
Perennial.receiptGS.casesOn	Perennial.ReceiptGS.casesOn
Perennial.receiptGS.ctorIdx	Perennial.ReceiptGS.ctorIdx
Perennial.receiptGS.mk	Perennial.ReceiptGS.mk
Perennial.receiptGS.mk.noConfusion	Perennial.ReceiptGS.mk.noConfusion
Perennial.receiptGS.noConfusion	Perennial.ReceiptGS.noConfusion
Perennial.receiptGS.noConfusionType	Perennial.ReceiptGS.noConfusionType
Perennial.receiptGS.rec	Perennial.ReceiptGS.rec
Perennial.receiptGS.recOn	Perennial.ReceiptGS.recOn
Perennial.receiptGS.receipt_allG	Perennial.ReceiptGS.receiptAllG
Perennial.receiptGS.receipt_bound	Perennial.ReceiptGS.receiptBound
Perennial.receiptGS.receipt_bound_pos	Perennial.ReceiptGS.receiptBound_pos
Perennial.receiptGS.receipt_lb_name	Perennial.ReceiptGS.receiptLbName
Perennial.receiptGS.receipt_tok_name	Perennial.ReceiptGS.receiptTokName
Perennial.receiptGpreS	Perennial.ReceiptGpreS
Perennial.receiptGpreS.casesOn	Perennial.ReceiptGpreS.casesOn
Perennial.receiptGpreS.ctorIdx	Perennial.ReceiptGpreS.ctorIdx
Perennial.receiptGpreS.mk	Perennial.ReceiptGpreS.mk
Perennial.receiptGpreS.mk.noConfusion	Perennial.ReceiptGpreS.mk.noConfusion
Perennial.receiptGpreS.noConfusion	Perennial.ReceiptGpreS.noConfusion
Perennial.receiptGpreS.noConfusionType	Perennial.ReceiptGpreS.noConfusionType
Perennial.receiptGpreS.rec	Perennial.ReceiptGpreS.rec
Perennial.receiptGpreS.recOn	Perennial.ReceiptGpreS.recOn
Perennial.receiptGpreS.receipt_preG_allG	Perennial.ReceiptGpreS.receiptPreGAllG
Perennial.receipt_auth	Perennial.receiptAuth
Perennial.receipt_auth_lt	Perennial.receiptAuth_lt
Perennial.receipt_auth_preceipt_le	Perennial.receiptAuth_preceipt_le
Perennial.receipt_auth_tick	Perennial.receiptAuth_tick
Perennial.receipt_auth_tick'	Perennial.receiptAuth_tick'
Perennial.receipt_bound_elim	Perennial.receiptBound_elim
Perennial.receipt_bound_fupd	Perennial.receiptBound_fupd
Perennial.receipt_fuel	Perennial.receiptFuel
Perennial.receipt_fuel_init	Perennial.receiptFuel_init
Perennial.receipt_fuel_tick	Perennial.receiptFuel_tick
Perennial.receipt_toks	Perennial.receiptToks
Perennial.receipt_toks.eq_def	Perennial.receiptToks.eq_def
Perennial.receipt_toks_append	Perennial.receiptToks_append
Perennial.receipt_toks_nodup	Perennial.receiptToks_nodup
Perennial.receipt_toks_not_mem	Perennial.receiptToks_not_mem
Perennial.receipt_toks_preceipt_of_mem	Perennial.receiptToks_preceipt_of_mem
Perennial.receipt_toks_timeless	Perennial.receiptToks_timeless
Perennial.recv_au	Perennial.recvAu
Perennial.recv_au_wand	Perennial.recvAu_wand
Perennial.recv_nested_au	Perennial.recvNestedAu
Perennial.recv_nested_au_wand	Perennial.recvNestedAu_wand
Perennial.return_val	Perennial.returnVal
Perennial.return_val_def	Perennial.returnValDef
Perennial.return_val_unseal	Perennial.returnVal_unseal
Perennial.runtime.get_is_pkg_init_wf_inst	Perennial.runtime.get_isPkgInit_wf_inst
Perennial.runtime.is_pkg_init_inst	Perennial.runtime.isPkgInit_inst
Perennial.saved_anything_own	Perennial.savedAnythingOwn
Perennial.saved_offer	Perennial.savedOffer
Perennial.saved_offer_agree	Perennial.savedOffer_agree
Perennial.saved_offer_fractional_invalid	Perennial.savedOffer_fractional_invalid
Perennial.saved_offer_half_full_invalid	Perennial.savedOffer_half_full_invalid
Perennial.saved_offer_lc_agree	Perennial.savedOffer_lc_agree
Perennial.saved_pred_fn	Perennial.savedPredFn
Perennial.saved_pred_fn_encode	Perennial.savedPredFn_encode
Perennial.saved_pred_own	Perennial.savedPredOwn
Perennial.saved_pred_own_contractive	Perennial.savedPredOwn_contractive
Perennial.saved_prop_own	Perennial.savedPropOwn
Perennial.saved_prop_own_contractive	Perennial.savedPropOwn_contractive
Perennial.send_au	Perennial.sendAu
Perennial.send_au_wand	Perennial.sendAu_wand
Perennial.send_nested_au	Perennial.sendNestedAu
Perennial.send_nested_au_wand	Perennial.sendNestedAu_wand
Perennial.set_heap	Perennial.setHeap
Perennial.slice.full_slice	Perennial.slice.fullSlice
Perennial.slice_index_ref	Perennial.sliceIndexRef
Perennial.slices.cmp_implements	Perennial.slices.cmpImplements
Perennial.slices.cmp_implements_elim	Perennial.slices.cmpImplements_elim
Perennial.slices.cmp_implements_persistent	Perennial.slices.cmpImplements_persistent
Perennial.slices.get_is_pkg_init_wf_inst	Perennial.slices.get_isPkgInit_wf_inst
Perennial.slices.header__preserve	Perennial.slices.header_preserve
Perennial.slices.heap_except	Perennial.slices.HeapExcept
Perennial.slices.heap_parent	Perennial.slices.HeapParent
Perennial.slices.ins_br	Perennial.slices.InsBr
Perennial.slices.ins_br_done_a	Perennial.slices.insBr_done_a
Perennial.slices.ins_br_done_cmp	Perennial.slices.insBr_done_cmp
Perennial.slices.ins_br_init	Perennial.slices.insBr_init
Perennial.slices.ins_br_swap	Perennial.slices.insBr_swap
Perennial.slices.is_eq_partitioned	Perennial.slices.IsEqPartitioned
Perennial.slices.is_eq_seg	Perennial.slices.IsEqSeg
Perennial.slices.is_eq_seg__is_sorted_seg	Perennial.slices.isEqSeg_is_sorted_seg
Perennial.slices.is_eq_seg_extend	Perennial.slices.isEqSeg_extend
Perennial.slices.is_heap_seg	Perennial.slices.IsHeapSeg
Perennial.slices.is_partially_sorted_seg	Perennial.slices.IsPartiallySortedSeg
Perennial.slices.is_partially_sorted_seg__perserve	Perennial.slices.isPartiallySortedSeg_perserve
Perennial.slices.is_partitioned	Perennial.slices.IsPartitioned
Perennial.slices.is_partitioned_pre	Perennial.slices.IsPartitionedPre
Perennial.slices.is_partitioned_pre_advance_left	Perennial.slices.isPartitionedPre_advance_left
Perennial.slices.is_partitioned_pre_advance_right	Perennial.slices.isPartitionedPre_advance_right
Perennial.slices.is_partitioned_preserve	Perennial.slices.isPartitioned_preserve
Perennial.slices.is_pkg_init_inst	Perennial.slices.isPkgInit_inst
Perennial.slices.is_sorted_seg	Perennial.slices.IsSortedSeg
Perennial.slices.is_sorted_seg__is_sorted	Perennial.slices.isSortedSeg_is_sorted
Perennial.slices.is_sorted_seg_mono	Perennial.slices.isSortedSeg_mono
Perennial.slices.is_sorted_seg_one	Perennial.slices.isSortedSeg_one
Perennial.slices.is_sorted_seg_scan	Perennial.slices.isSortedSeg_scan
Perennial.slices.is_sorted_seg_swap_hi	Perennial.slices.isSortedSeg_swap_hi
Perennial.slices.max_child	Perennial.slices.MaxChild
Perennial.slices.max_child_left	Perennial.slices.maxChild_left
Perennial.slices.max_child_only	Perennial.slices.maxChild_only
Perennial.slices.max_child_right	Perennial.slices.maxChild_right
Perennial.slices.one_le_seg	Perennial.slices.OneLeSeg
Perennial.slices.outside_same	Perennial.slices.OutsideSame
Perennial.slices.outside_same__decompose	Perennial.slices.outsideSame_decompose
Perennial.slices.outside_same_lookup	Perennial.slices.outsideSame_lookup
Perennial.slices.outside_same_loosen	Perennial.slices.outsideSame_loosen
Perennial.slices.outside_same_refl	Perennial.slices.outsideSame_refl
Perennial.slices.outside_same_swap	Perennial.slices.outsideSame_swap
Perennial.slices.outside_same_trans	Perennial.slices.outsideSame_trans
Perennial.slices.part_inv	Perennial.slices.partInv
Perennial.slices.partition__header	Perennial.slices.partition_header
Perennial.slices.pdq_hide	Perennial.slices.pdqHide
Perennial.slices.pdq_hide_elim	Perennial.slices.pdqHide_elim
Perennial.slices.pdq_hide_intro	Perennial.slices.pdqHide_intro
Perennial.slices.peq_inv	Perennial.slices.peqInv
Perennial.slices.seg_sorted_from	Perennial.slices.SegSortedFrom
Perennial.slices.wp_xorshift__Next	Perennial.slices.xorshift.wp_Next
Perennial.sort.adapt_cmp	Perennial.sort.adaptCmp
Perennial.sort.adapt_cmp_bounded	Perennial.sort.adaptCmp_bounded
Perennial.sort.adapt_pred	Perennial.sort.adaptPred
Perennial.sort.adapt_pred_bounded	Perennial.sort.adaptPred_bounded
Perennial.sort.cmp_implements	Perennial.sort.cmpImplements
Perennial.sort.cmp_implements_adapt	Perennial.sort.cmpImplements_adapt
Perennial.sort.cmp_implements_persistent	Perennial.sort.cmpImplements_persistent
Perennial.sort.get_is_pkg_init_wf_inst	Perennial.sort.get_isPkgInit_wf_inst
Perennial.sort.is_mono_cmp	Perennial.sort.IsMonoCmp
Perennial.sort.is_mono_pred	Perennial.sort.IsMonoPred
Perennial.sort.is_pkg_init_inst	Perennial.sort.isPkgInit_inst
Perennial.sort.is_valid_cmp	Perennial.sort.IsValidCmp
Perennial.sort.is_valid_cmp_adapted	Perennial.sort.isValidCmp_adapted
Perennial.sort.is_valid_pred	Perennial.sort.IsValidPred
Perennial.sort.is_valid_pred_adapted	Perennial.sort.isValidPred_adapted
Perennial.sort.list_sorted	Perennial.sort.ListSorted
Perennial.sort.pred_implements	Perennial.sort.predImplements
Perennial.sort.pred_implements_adapt	Perennial.sort.predImplements_adapt
Perennial.sort.pred_implements_persistent	Perennial.sort.predImplements_persistent
Perennial.sort.real_valid_cmp	Perennial.sort.RealValidCmp
Perennial.sort.search_f	Perennial.sort.searchF
Perennial.sort.search_f_false	Perennial.sort.searchF_false
Perennial.sort.search_f_true	Perennial.sort.searchF_true
Perennial.spsc_consumer	Perennial.spscConsumer
Perennial.spsc_inv	Perennial.spscInv
Perennial.spsc_inv_elim	Perennial.spscInv_elim
Perennial.spsc_inv_intro	Perennial.spscInv_intro
Perennial.spsc_inv_match	Perennial.spscInvMatch
Perennial.spsc_names	Perennial.SpscNames
Perennial.spsc_names.casesOn	Perennial.SpscNames.casesOn
Perennial.spsc_names.chan_name	Perennial.SpscNames.chanName
Perennial.spsc_names.ctorIdx	Perennial.SpscNames.ctorIdx
Perennial.spsc_names.mk	Perennial.SpscNames.mk
Perennial.spsc_names.mk.inj	Perennial.SpscNames.mk.inj
Perennial.spsc_names.mk.injEq	Perennial.SpscNames.mk.injEq
Perennial.spsc_names.mk.noConfusion	Perennial.SpscNames.mk.noConfusion
Perennial.spsc_names.mk.sizeOf_spec	Perennial.SpscNames.mk.sizeOf_spec
Perennial.spsc_names.noConfusion	Perennial.SpscNames.noConfusion
Perennial.spsc_names.noConfusionType	Perennial.SpscNames.noConfusionType
Perennial.spsc_names.rec	Perennial.SpscNames.rec
Perennial.spsc_names.recOn	Perennial.SpscNames.recOn
Perennial.spsc_names.spsc_recv_name	Perennial.SpscNames.spscRecvName
Perennial.spsc_names.spsc_sent_name	Perennial.SpscNames.spscSentName
Perennial.spsc_producer	Perennial.spscProducer
Perennial.state.go_state	Perennial.state.goState
Perennial.state_init_heap	Perennial.stateInitHeap
Perennial.state_insert_list	Perennial.stateInsertList
Perennial.store_array_step	Perennial.storeArrayStep
Perennial.string_to_go_string	Perennial.stringToGoString
Perennial.strings.bs_cr	Perennial.strings.bsCr
Perennial.strings.bs_nl	Perennial.strings.bsNl
Perennial.strings.bs_sp	Perennial.strings.bsSp
Perennial.strings.bs_tab	Perennial.strings.bsTab
Perennial.strings.get_is_pkg_init_wf_inst	Perennial.strings.get_isPkgInit_wf_inst
Perennial.strings.hello_world_ws	Perennial.strings.helloWorldWs
Perennial.strings.is_ascii_space	Perennial.strings.isAsciiSpace
Perennial.strings.is_pkg_init_inst	Perennial.strings.isPkgInit_inst
Perennial.strings.split_fields	Perennial.strings.splitFields
Perennial.strings.split_fields_aux	Perennial.strings.splitFieldsAux
Perennial.substEnv_cc	Perennial.substEnvCc
Perennial.substEnv_cc.eq_def	Perennial.substEnvCc.eq_def
Perennial.substEnv_ccs	Perennial.substEnvCcs
Perennial.substEnv_ccs.eq_def	Perennial.substEnvCcs.eq_def
Perennial.substEnv_el	Perennial.substEnvEl
Perennial.substEnv_el.eq_def	Perennial.substEnvEl.eq_def
Perennial.substEnv_ke	Perennial.substEnvKe
Perennial.substEnv_ke.eq_def	Perennial.substEnvKe.eq_def
Perennial.substEnv_kes	Perennial.substEnvKes
Perennial.substEnv_kes.eq_def	Perennial.substEnvKes.eq_def
Perennial.substEnv_okey	Perennial.substEnvOkey
Perennial.substEnv_okey.eq_def	Perennial.substEnvOkey.eq_def
Perennial.substEnv_opt	Perennial.substEnvOpt
Perennial.substEnv_opt.eq_def	Perennial.substEnvOpt.eq_def
Perennial.subst_comm_clause	Perennial.substCommClause
Perennial.subst_comm_clause.eq_def	Perennial.substCommClause.eq_def
Perennial.subst_comm_clauses	Perennial.substCommClauses
Perennial.subst_comm_clauses.eq_def	Perennial.substCommClauses.eq_def
Perennial.subst_element	Perennial.substElement
Perennial.subst_element.eq_def	Perennial.substElement.eq_def
Perennial.subst_keyed_element	Perennial.substKeyedElement
Perennial.subst_keyed_element.eq_def	Perennial.substKeyedElement.eq_def
Perennial.subst_keyed_elements	Perennial.substKeyedElements
Perennial.subst_keyed_elements.eq_def	Perennial.substKeyedElements.eq_def
Perennial.subst_opt	Perennial.substOpt
Perennial.subst_opt.eq_def	Perennial.substOpt.eq_def
Perennial.subst_opt_key	Perennial.substOptKey
Perennial.subst_opt_key.eq_def	Perennial.substOptKey.eq_def
Perennial.sum_assume_no_overflow	Perennial.sumAssumeNoOverflow
Perennial.sum_assume_no_overflow_signed	Perennial.sumAssumeNoOverflowSigned
Perennial.sync.Once_done	Perennial.sync.OnceDone
Perennial.sync.Once_inv	Perennial.sync.OnceInv
Perennial.sync.Once_lock_inv	Perennial.sync.OnceLockInv
Perennial.sync.Once_m	Perennial.sync.OnceM
Perennial.sync.WaitGroup_names	Perennial.sync.WaitGroupNames
Perennial.sync.WaitGroup_names.casesOn	Perennial.sync.WaitGroupNames.casesOn
Perennial.sync.WaitGroup_names.counter_gn	Perennial.sync.WaitGroupNames.counterGn
Perennial.sync.WaitGroup_names.ctorIdx	Perennial.sync.WaitGroupNames.ctorIdx
Perennial.sync.WaitGroup_names.mk	Perennial.sync.WaitGroupNames.mk
Perennial.sync.WaitGroup_names.mk.inj	Perennial.sync.WaitGroupNames.mk.inj
Perennial.sync.WaitGroup_names.mk.injEq	Perennial.sync.WaitGroupNames.mk.injEq
Perennial.sync.WaitGroup_names.mk.noConfusion	Perennial.sync.WaitGroupNames.mk.noConfusion
Perennial.sync.WaitGroup_names.mk.sizeOf_spec	Perennial.sync.WaitGroupNames.mk.sizeOf_spec
Perennial.sync.WaitGroup_names.noConfusion	Perennial.sync.WaitGroupNames.noConfusion
Perennial.sync.WaitGroup_names.noConfusionType	Perennial.sync.WaitGroupNames.noConfusionType
Perennial.sync.WaitGroup_names.rec	Perennial.sync.WaitGroupNames.rec
Perennial.sync.WaitGroup_names.recOn	Perennial.sync.WaitGroupNames.recOn
Perennial.sync.WaitGroup_names.sema_gn	Perennial.sync.WaitGroupNames.semaGn
Perennial.sync.WaitGroup_names.waiter_gn	Perennial.sync.WaitGroupNames.waiterGn
Perennial.sync.WaitGroup_names.zerostate_gn	Perennial.sync.WaitGroupNames.zerostateGn
Perennial.sync.atomic.get_is_pkg_init_wf_inst	Perennial.sync.atomic.get_isPkgInit_wf_inst
Perennial.sync.atomic.is_pkg_init_inst	Perennial.sync.atomic.isPkgInit_inst
Perennial.sync.atomic.own_Bool	Perennial.sync.atomic.ownBool
Perennial.sync.atomic.own_Bool_as_fractional	Perennial.sync.atomic.ownBool_as_fractional
Perennial.sync.atomic.own_Bool_combines_gives	Perennial.sync.atomic.ownBool_combines_gives
Perennial.sync.atomic.own_Bool_def	Perennial.sync.atomic.ownBoolDef
Perennial.sync.atomic.own_Bool_dfractional	Perennial.sync.atomic.ownBool_dfractional
Perennial.sync.atomic.own_Bool_fractional	Perennial.sync.atomic.ownBool_fractional
Perennial.sync.atomic.own_Bool_timeless	Perennial.sync.atomic.ownBool_timeless
Perennial.sync.atomic.own_Bool_unseal	Perennial.sync.atomic.ownBool_unseal
Perennial.sync.atomic.own_Int32	Perennial.sync.atomic.ownInt32
Perennial.sync.atomic.own_Int32_as_dfractional	Perennial.sync.atomic.ownInt32_as_dfractional
Perennial.sync.atomic.own_Int32_combines_gives	Perennial.sync.atomic.ownInt32_combines_gives
Perennial.sync.atomic.own_Int32_def	Perennial.sync.atomic.ownInt32Def
Perennial.sync.atomic.own_Int32_dfractional	Perennial.sync.atomic.ownInt32_dfractional
Perennial.sync.atomic.own_Int32_fractional	Perennial.sync.atomic.ownInt32_fractional
Perennial.sync.atomic.own_Int32_timeless	Perennial.sync.atomic.ownInt32_timeless
Perennial.sync.atomic.own_Int32_unseal	Perennial.sync.atomic.ownInt32_unseal
Perennial.sync.atomic.own_Int64	Perennial.sync.atomic.ownInt64
Perennial.sync.atomic.own_Int64_as_dfractional	Perennial.sync.atomic.ownInt64_as_dfractional
Perennial.sync.atomic.own_Int64_combines_gives	Perennial.sync.atomic.ownInt64_combines_gives
Perennial.sync.atomic.own_Int64_def	Perennial.sync.atomic.ownInt64Def
Perennial.sync.atomic.own_Int64_dfractional	Perennial.sync.atomic.ownInt64_dfractional
Perennial.sync.atomic.own_Int64_fractional	Perennial.sync.atomic.ownInt64_fractional
Perennial.sync.atomic.own_Int64_timeless	Perennial.sync.atomic.ownInt64_timeless
Perennial.sync.atomic.own_Int64_unseal	Perennial.sync.atomic.ownInt64_unseal
Perennial.sync.atomic.own_Pointer	Perennial.sync.atomic.ownPointer
Perennial.sync.atomic.own_Pointer_def	Perennial.sync.atomic.ownPointerDef
Perennial.sync.atomic.own_Pointer_timeless	Perennial.sync.atomic.ownPointer_timeless
Perennial.sync.atomic.own_Pointer_unseal	Perennial.sync.atomic.ownPointer_unseal
Perennial.sync.atomic.own_Uint32	Perennial.sync.atomic.ownUint32
Perennial.sync.atomic.own_Uint32_as_dfractional	Perennial.sync.atomic.ownUint32_as_dfractional
Perennial.sync.atomic.own_Uint32_combines_gives	Perennial.sync.atomic.ownUint32_combines_gives
Perennial.sync.atomic.own_Uint32_def	Perennial.sync.atomic.ownUint32Def
Perennial.sync.atomic.own_Uint32_dfractional	Perennial.sync.atomic.ownUint32_dfractional
Perennial.sync.atomic.own_Uint32_fractional	Perennial.sync.atomic.ownUint32_fractional
Perennial.sync.atomic.own_Uint32_timeless	Perennial.sync.atomic.ownUint32_timeless
Perennial.sync.atomic.own_Uint32_unseal	Perennial.sync.atomic.ownUint32_unseal
Perennial.sync.atomic.own_Uint64	Perennial.sync.atomic.ownUint64
Perennial.sync.atomic.own_Uint64_as_dfractional	Perennial.sync.atomic.ownUint64_as_dfractional
Perennial.sync.atomic.own_Uint64_combines_gives	Perennial.sync.atomic.ownUint64_combines_gives
Perennial.sync.atomic.own_Uint64_def	Perennial.sync.atomic.ownUint64Def
Perennial.sync.atomic.own_Uint64_dfractional	Perennial.sync.atomic.ownUint64_dfractional
Perennial.sync.atomic.own_Uint64_fractional	Perennial.sync.atomic.ownUint64_fractional
Perennial.sync.atomic.own_Uint64_timeless	Perennial.sync.atomic.ownUint64_timeless
Perennial.sync.atomic.own_Uint64_unseal	Perennial.sync.atomic.ownUint64_unseal
Perennial.sync.atomic.wp_Bool__CompareAndSwap	Perennial.sync.atomic.Bool.wp_CompareAndSwap
Perennial.sync.atomic.wp_Bool__Load	Perennial.sync.atomic.Bool.wp_Load
Perennial.sync.atomic.wp_Bool__Store	Perennial.sync.atomic.Bool.wp_Store
Perennial.sync.atomic.wp_Int32__Add	Perennial.sync.atomic.Int32.wp_Add
Perennial.sync.atomic.wp_Int32__CompareAndSwap	Perennial.sync.atomic.Int32.wp_CompareAndSwap
Perennial.sync.atomic.wp_Int32__Load	Perennial.sync.atomic.Int32.wp_Load
Perennial.sync.atomic.wp_Int32__Store	Perennial.sync.atomic.Int32.wp_Store
Perennial.sync.atomic.wp_Int64__Add	Perennial.sync.atomic.Int64.wp_Add
Perennial.sync.atomic.wp_Int64__CompareAndSwap	Perennial.sync.atomic.Int64.wp_CompareAndSwap
Perennial.sync.atomic.wp_Int64__Load	Perennial.sync.atomic.Int64.wp_Load
Perennial.sync.atomic.wp_Int64__Store	Perennial.sync.atomic.Int64.wp_Store
Perennial.sync.atomic.wp_Pointer__CompareAndSwap	Perennial.sync.atomic.Pointer.wp_CompareAndSwap
Perennial.sync.atomic.wp_Pointer__Load	Perennial.sync.atomic.Pointer.wp_Load
Perennial.sync.atomic.wp_Pointer__Store	Perennial.sync.atomic.Pointer.wp_Store
Perennial.sync.atomic.wp_Pointer__Swap	Perennial.sync.atomic.Pointer.wp_Swap
Perennial.sync.atomic.wp_Uint32__Add	Perennial.sync.atomic.Uint32.wp_Add
Perennial.sync.atomic.wp_Uint32__CompareAndSwap	Perennial.sync.atomic.Uint32.wp_CompareAndSwap
Perennial.sync.atomic.wp_Uint32__Load	Perennial.sync.atomic.Uint32.wp_Load
Perennial.sync.atomic.wp_Uint32__Store	Perennial.sync.atomic.Uint32.wp_Store
Perennial.sync.atomic.wp_Uint64__Add	Perennial.sync.atomic.Uint64.wp_Add
Perennial.sync.atomic.wp_Uint64__CompareAndSwap	Perennial.sync.atomic.Uint64.wp_CompareAndSwap
Perennial.sync.atomic.wp_Uint64__Load	Perennial.sync.atomic.Uint64.wp_Load
Perennial.sync.atomic.wp_Uint64__Store	Perennial.sync.atomic.Uint64.wp_Store
Perennial.sync.copyChecker_inv	Perennial.sync.copyCheckerInv
Perennial.sync.get_is_pkg_init_wf_inst	Perennial.sync.get_isPkgInit_wf_inst
Perennial.sync.inv_frac	Perennial.sync.invFrac
Perennial.sync.inv_frac_0	Perennial.sync.invFrac_0
Perennial.sync.inv_frac_S	Perennial.sync.invFrac_S
Perennial.sync.inv_frac_val	Perennial.sync.invFrac_val
Perennial.sync.is_Cond	Perennial.sync.isCond
Perennial.sync.is_Cond_def	Perennial.sync.isCondDef
Perennial.sync.is_Cond_persistent	Perennial.sync.isCond_persistent
Perennial.sync.is_Cond_unseal	Perennial.sync.isCond_unseal
Perennial.sync.is_Locker	Perennial.sync.isLocker
Perennial.sync.is_Locker_persistent	Perennial.sync.isLocker_persistent
Perennial.sync.is_Mutex	Perennial.sync.isMutex
Perennial.sync.is_Mutex_def	Perennial.sync.isMutexDef
Perennial.sync.is_Mutex_ne	Perennial.sync.isMutex_ne
Perennial.sync.is_Mutex_persistent	Perennial.sync.isMutex_persistent
Perennial.sync.is_Mutex_unseal	Perennial.sync.isMutex_unseal
Perennial.sync.is_Once	Perennial.sync.isOnce
Perennial.sync.is_Once_def	Perennial.sync.isOnceDef
Perennial.sync.is_Once_persistent	Perennial.sync.isOnce_persistent
Perennial.sync.is_Once_unseal	Perennial.sync.isOnce_unseal
Perennial.sync.is_WaitGroup	Perennial.sync.isWaitGroup
Perennial.sync.is_WaitGroup_def	Perennial.sync.isWaitGroupDef
Perennial.sync.is_WaitGroup_inv	Perennial.sync.isWaitGroupInv
Perennial.sync.is_WaitGroup_persistent	Perennial.sync.isWaitGroup_persistent
Perennial.sync.is_WaitGroup_unseal	Perennial.sync.isWaitGroup_unseal
Perennial.sync.is_copyChecker	Perennial.sync.isCopyChecker
Perennial.sync.is_copyChecker_def	Perennial.sync.isCopyCheckerDef
Perennial.sync.is_copyChecker_persistent	Perennial.sync.isCopyChecker_persistent
Perennial.sync.is_copyChecker_unseal	Perennial.sync.isCopyChecker_unseal
Perennial.sync.is_pkg_init_inst	Perennial.sync.isPkgInit_inst
Perennial.sync.is_sema	Perennial.sync.isSema
Perennial.sync.is_sema_def	Perennial.sync.isSemaDef
Perennial.sync.is_sema_persistent	Perennial.sync.isSema_persistent
Perennial.sync.is_sema_unseal	Perennial.sync.isSema_unseal
Perennial.sync.join.WaitGroup_join_names	Perennial.sync.join.WaitGroupJoinNames
Perennial.sync.join.WaitGroup_join_names.casesOn	Perennial.sync.join.WaitGroupJoinNames.casesOn
Perennial.sync.join.WaitGroup_join_names.ctorIdx	Perennial.sync.join.WaitGroupJoinNames.ctorIdx
Perennial.sync.join.WaitGroup_join_names.mk	Perennial.sync.join.WaitGroupJoinNames.mk
Perennial.sync.join.WaitGroup_join_names.mk.inj	Perennial.sync.join.WaitGroupJoinNames.mk.inj
Perennial.sync.join.WaitGroup_join_names.mk.injEq	Perennial.sync.join.WaitGroupJoinNames.mk.injEq
Perennial.sync.join.WaitGroup_join_names.mk.noConfusion	Perennial.sync.join.WaitGroupJoinNames.mk.noConfusion
Perennial.sync.join.WaitGroup_join_names.mk.sizeOf_spec	Perennial.sync.join.WaitGroupJoinNames.mk.sizeOf_spec
Perennial.sync.join.WaitGroup_join_names.noConfusion	Perennial.sync.join.WaitGroupJoinNames.noConfusion
Perennial.sync.join.WaitGroup_join_names.noConfusionType	Perennial.sync.join.WaitGroupJoinNames.noConfusionType
Perennial.sync.join.WaitGroup_join_names.rec	Perennial.sync.join.WaitGroupJoinNames.rec
Perennial.sync.join.WaitGroup_join_names.recOn	Perennial.sync.join.WaitGroupJoinNames.recOn
Perennial.sync.join.WaitGroup_join_names.wg_aprop_gn	Perennial.sync.join.WaitGroupJoinNames.wgApropGn
Perennial.sync.join.WaitGroup_join_names.wg_gn	Perennial.sync.join.WaitGroupJoinNames.wgGn
Perennial.sync.join.WaitGroup_join_names.wg_not_done_gn	Perennial.sync.join.WaitGroupJoinNames.wgNotDoneGn
Perennial.sync.join.is_wgj_inv	Perennial.sync.join.isWgjInv
Perennial.sync.join.own_Adder	Perennial.sync.join.ownAdder
Perennial.sync.join.own_Adder_def	Perennial.sync.join.ownAdderDef
Perennial.sync.join.own_Adder_unseal	Perennial.sync.join.ownAdder_unseal
Perennial.sync.join.own_Adder_wand	Perennial.sync.join.ownAdder_wand
Perennial.sync.join.own_Done	Perennial.sync.join.ownDone
Perennial.sync.join.own_Done_def	Perennial.sync.join.ownDoneDef
Perennial.sync.join.own_Done_unseal	Perennial.sync.join.ownDone_unseal
Perennial.sync.join.own_tok_auth_halves	Perennial.sync.join.ownTokAuth_halves
Perennial.sync.join.wgj_inv	Perennial.sync.join.wgjInv
Perennial.sync.join.wp_WaitGroup__Add	Perennial.sync.join.WaitGroup.wp_Add
Perennial.sync.join.wp_WaitGroup__Done	Perennial.sync.join.WaitGroup.wp_Done
Perennial.sync.join.wp_WaitGroup__Wait	Perennial.sync.join.WaitGroup.wp_Wait
Perennial.sync.own_Bool_halves	Perennial.sync.ownBool_halves
Perennial.sync.own_Mutex	Perennial.sync.ownMutex
Perennial.sync.own_Mutex_def	Perennial.sync.ownMutexDef
Perennial.sync.own_Mutex_exclusive	Perennial.sync.ownMutex_exclusive
Perennial.sync.own_Mutex_unseal	Perennial.sync.ownMutex_unseal
Perennial.sync.own_RWMutex	Perennial.sync.ownRWMutex
Perennial.sync.own_RWMutex_Locked	Perennial.sync.ownRWMutexLocked
Perennial.sync.own_RWMutex_Locked_def	Perennial.sync.ownRWMutexLockedDef
Perennial.sync.own_RWMutex_Locked_unseal	Perennial.sync.ownRWMutexLocked_unseal
Perennial.sync.own_RWMutex_RLocked	Perennial.sync.ownRWMutexRLocked
Perennial.sync.own_RWMutex_RLocked_def	Perennial.sync.ownRWMutexRLockedDef
Perennial.sync.own_RWMutex_RLocked_unseal	Perennial.sync.ownRWMutexRLocked_unseal
Perennial.sync.own_RWMutex_def	Perennial.sync.ownRWMutexDef
Perennial.sync.own_RWMutex_unseal	Perennial.sync.ownRWMutex_unseal
Perennial.sync.own_Uint64_halves	Perennial.sync.ownUint64_halves
Perennial.sync.own_WaitGroup	Perennial.sync.ownWaitGroup
Perennial.sync.own_WaitGroup_def	Perennial.sync.ownWaitGroupDef
Perennial.sync.own_WaitGroup_timeless	Perennial.sync.ownWaitGroup_timeless
Perennial.sync.own_WaitGroup_unseal	Perennial.sync.ownWaitGroup_unseal
Perennial.sync.own_WaitGroup_wait_token	Perennial.sync.ownWaitGroupWaitToken
Perennial.sync.own_WaitGroup_wait_token_def	Perennial.sync.ownWaitGroupWaitTokenDef
Perennial.sync.own_WaitGroup_wait_token_timeless	Perennial.sync.ownWaitGroupWaitToken_timeless
Perennial.sync.own_WaitGroup_wait_token_unseal	Perennial.sync.ownWaitGroupWaitToken_unseal
Perennial.sync.own_WaitGroup_waiters	Perennial.sync.ownWaitGroupWaiters
Perennial.sync.own_WaitGroup_waiters_def	Perennial.sync.ownWaitGroupWaitersDef
Perennial.sync.own_WaitGroup_waiters_timeless	Perennial.sync.ownWaitGroupWaiters_timeless
Perennial.sync.own_WaitGroup_waiters_unseal	Perennial.sync.ownWaitGroupWaiters_unseal
Perennial.sync.own_sema	Perennial.sync.ownSema
Perennial.sync.own_sema_def	Perennial.sync.ownSemaDef
Perennial.sync.own_sema_timeless	Perennial.sync.ownSema_timeless
Perennial.sync.own_sema_unseal	Perennial.sync.ownSema_unseal
Perennial.sync.pos_to_Qp_Z	Perennial.sync.posToQpZ
Perennial.sync.pos_to_Qp_Z_val	Perennial.sync.posToQpZ_val
Perennial.sync.rfrac_def	Perennial.sync.rfracDef
Perennial.sync.rwmutex.RWMutex_names	Perennial.sync.rwmutex.RWMutexNames
Perennial.sync.rwmutex.RWMutex_names.casesOn	Perennial.sync.rwmutex.RWMutexNames.casesOn
Perennial.sync.rwmutex.RWMutex_names.ctorIdx	Perennial.sync.rwmutex.RWMutexNames.ctorIdx
Perennial.sync.rwmutex.RWMutex_names.mk	Perennial.sync.rwmutex.RWMutexNames.mk
Perennial.sync.rwmutex.RWMutex_names.mk.inj	Perennial.sync.rwmutex.RWMutexNames.mk.inj
Perennial.sync.rwmutex.RWMutex_names.mk.injEq	Perennial.sync.rwmutex.RWMutexNames.mk.injEq
Perennial.sync.rwmutex.RWMutex_names.mk.noConfusion	Perennial.sync.rwmutex.RWMutexNames.mk.noConfusion
Perennial.sync.rwmutex.RWMutex_names.mk.sizeOf_spec	Perennial.sync.rwmutex.RWMutexNames.mk.sizeOf_spec
Perennial.sync.rwmutex.RWMutex_names.noConfusion	Perennial.sync.rwmutex.RWMutexNames.noConfusion
Perennial.sync.rwmutex.RWMutex_names.noConfusionType	Perennial.sync.rwmutex.RWMutexNames.noConfusionType
Perennial.sync.rwmutex.RWMutex_names.prot_gn	Perennial.sync.rwmutex.RWMutexNames.protGn
Perennial.sync.rwmutex.RWMutex_names.reader_sem_gn	Perennial.sync.rwmutex.RWMutexNames.readerSemGn
Perennial.sync.rwmutex.RWMutex_names.rec	Perennial.sync.rwmutex.RWMutexNames.rec
Perennial.sync.rwmutex.RWMutex_names.recOn	Perennial.sync.rwmutex.RWMutexNames.recOn
Perennial.sync.rwmutex.RWMutex_names.writer_sem_gn	Perennial.sync.rwmutex.RWMutexNames.writerSemGn
Perennial.sync.rwmutex.RWMutex_protocol_names	Perennial.sync.rwmutex.RWMutexProtocolNames
Perennial.sync.rwmutex.RWMutex_protocol_names.casesOn	Perennial.sync.rwmutex.RWMutexProtocolNames.casesOn
Perennial.sync.rwmutex.RWMutex_protocol_names.ctorIdx	Perennial.sync.rwmutex.RWMutexProtocolNames.ctorIdx
Perennial.sync.rwmutex.RWMutex_protocol_names.mk	Perennial.sync.rwmutex.RWMutexProtocolNames.mk
Perennial.sync.rwmutex.RWMutex_protocol_names.mk.inj	Perennial.sync.rwmutex.RWMutexProtocolNames.mk.inj
Perennial.sync.rwmutex.RWMutex_protocol_names.mk.injEq	Perennial.sync.rwmutex.RWMutexProtocolNames.mk.injEq
Perennial.sync.rwmutex.RWMutex_protocol_names.mk.noConfusion	Perennial.sync.rwmutex.RWMutexProtocolNames.mk.noConfusion
Perennial.sync.rwmutex.RWMutex_protocol_names.mk.sizeOf_spec	Perennial.sync.rwmutex.RWMutexProtocolNames.mk.sizeOf_spec
Perennial.sync.rwmutex.RWMutex_protocol_names.noConfusion	Perennial.sync.rwmutex.RWMutexProtocolNames.noConfusion
Perennial.sync.rwmutex.RWMutex_protocol_names.noConfusionType	Perennial.sync.rwmutex.RWMutexProtocolNames.noConfusionType
Perennial.sync.rwmutex.RWMutex_protocol_names.read_wait_gn	Perennial.sync.rwmutex.RWMutexProtocolNames.readWaitGn
Perennial.sync.rwmutex.RWMutex_protocol_names.rec	Perennial.sync.rwmutex.RWMutexProtocolNames.rec
Perennial.sync.rwmutex.RWMutex_protocol_names.recOn	Perennial.sync.rwmutex.RWMutexProtocolNames.recOn
Perennial.sync.rwmutex.RWMutex_protocol_names.rlock_overflow_gn	Perennial.sync.rwmutex.RWMutexProtocolNames.rlockOverflowGn
Perennial.sync.rwmutex.RWMutex_protocol_names.state_gn	Perennial.sync.rwmutex.RWMutexProtocolNames.stateGn
Perennial.sync.rwmutex.RWMutex_protocol_names.wlock_gn	Perennial.sync.rwmutex.RWMutexProtocolNames.wlockGn
Perennial.sync.rwmutex.RWMutex_protocol_names.writer_sem_tok_gn	Perennial.sync.rwmutex.RWMutexProtocolNames.writerSemTokGn
Perennial.sync.rwmutex.RW_readerCount	Perennial.sync.rwmutex.RWReaderCount
Perennial.sync.rwmutex.RW_readerSem	Perennial.sync.rwmutex.RWReaderSem
Perennial.sync.rwmutex.RW_readerWait	Perennial.sync.rwmutex.RWReaderWait
Perennial.sync.rwmutex.RW_w	Perennial.sync.rwmutex.RWW
Perennial.sync.rwmutex.RW_writerSem	Perennial.sync.rwmutex.RWWriterSem
Perennial.sync.rwmutex.is_RWMutex	Perennial.sync.rwmutex.isRWMutex
Perennial.sync.rwmutex.is_RWMutex_def	Perennial.sync.rwmutex.isRWMutexDef
Perennial.sync.rwmutex.is_RWMutex_pers	Perennial.sync.rwmutex.isRWMutex_pers
Perennial.sync.rwmutex.is_RWMutex_unseal	Perennial.sync.rwmutex.isRWMutex_unseal
Perennial.sync.rwmutex.own_RLock_token	Perennial.sync.rwmutex.ownRLockToken
Perennial.sync.rwmutex.own_RLock_token_def	Perennial.sync.rwmutex.ownRLockTokenDef
Perennial.sync.rwmutex.own_RLock_token_unseal	Perennial.sync.rwmutex.ownRLockToken_unseal
Perennial.sync.rwmutex.own_RWMutex	Perennial.sync.rwmutex.ownRWMutex
Perennial.sync.rwmutex.own_RWMutex_def	Perennial.sync.rwmutex.ownRWMutexDef
Perennial.sync.rwmutex.own_RWMutex_invariant	Perennial.sync.rwmutex.ownRWMutexInvariant
Perennial.sync.rwmutex.own_RWMutex_invariant_def	Perennial.sync.rwmutex.ownRWMutexInvariantDef
Perennial.sync.rwmutex.own_RWMutex_invariant_timeless	Perennial.sync.rwmutex.ownRWMutexInvariant_timeless
Perennial.sync.rwmutex.own_RWMutex_invariant_unseal	Perennial.sync.rwmutex.ownRWMutexInvariant_unseal
Perennial.sync.rwmutex.own_RWMutex_timeless	Perennial.sync.rwmutex.ownRWMutex_timeless
Perennial.sync.rwmutex.own_RWMutex_unseal	Perennial.sync.rwmutex.ownRWMutex_unseal
Perennial.sync.rwmutex.own_toks_replicate	Perennial.sync.rwmutex.ownToks_replicate
Perennial.sync.rwmutex.rw_inv	Perennial.sync.rwmutex.rwInv
Perennial.sync.rwmutex.rw_inv_main	Perennial.sync.rwmutex.rwInvMain
Perennial.sync.rwmutex.rw_inv_main_timeless	Perennial.sync.rwmutex.rwInvMain_timeless
Perennial.sync.rwmutex.rw_inv_outstanding	Perennial.sync.rwmutex.rwInvOutstanding
Perennial.sync.rwmutex.rw_inv_outstanding_timeless	Perennial.sync.rwmutex.rwInvOutstanding_timeless
Perennial.sync.rwmutex.rw_inv_readers	Perennial.sync.rwmutex.rwInvReaders
Perennial.sync.rwmutex.rw_inv_readers_timeless	Perennial.sync.rwmutex.rwInvReaders_timeless
Perennial.sync.rwmutex.rw_inv_timeless	Perennial.sync.rwmutex.rwInv_timeless
Perennial.sync.rwmutex.rw_inv_writer	Perennial.sync.rwmutex.rwInvWriter
Perennial.sync.rwmutex.rw_inv_writer_timeless	Perennial.sync.rwmutex.rwInvWriter_timeless
Perennial.sync.rwmutex.rw_locked_part	Perennial.sync.rwmutex.rwLockedPart
Perennial.sync.rwmutex.rw_locked_part_timeless	Perennial.sync.rwmutex.rwLockedPart_timeless
Perennial.sync.rwmutex.rw_reader_count_rel	Perennial.sync.rwmutex.RwReaderCountRel
Perennial.sync.rwmutex.rwmutexMaxReaders_Z	Perennial.sync.rwmutex.rwmutexMaxReadersZ
Perennial.sync.rwmutex.wp_RWMutex__Lock	Perennial.sync.rwmutex.RWMutex.wp_Lock
Perennial.sync.rwmutex.wp_RWMutex__RLock	Perennial.sync.rwmutex.RWMutex.wp_RLock
Perennial.sync.rwmutex.wp_RWMutex__RUnlock	Perennial.sync.rwmutex.RWMutex.wp_RUnlock
Perennial.sync.rwmutex.wp_RWMutex__TryLock	Perennial.sync.rwmutex.RWMutex.wp_TryLock
Perennial.sync.rwmutex.wp_RWMutex__TryRLock	Perennial.sync.rwmutex.RWMutex.wp_TryRLock
Perennial.sync.rwmutex.wp_RWMutex__Unlock	Perennial.sync.rwmutex.RWMutex.wp_Unlock
Perennial.sync.rwmutex_guard.inv_st	Perennial.sync.rwmutex_guard.invSt
Perennial.sync.rwmutex_guard.is_inv	Perennial.sync.rwmutex_guard.isInv
Perennial.sync.sema_inv	Perennial.sync.semaInv
Perennial.sync.waitGroupBubbleFlag_Z	Perennial.sync.waitGroupBubbleFlagZ
Perennial.sync.wg_inv	Perennial.sync.wgInv
Perennial.sync.wg_inv_timeless	Perennial.sync.wgInv_timeless
Perennial.sync.wg_ptsto2	Perennial.sync.wgPtsto2
Perennial.sync.wg_ptsto2_false	Perennial.sync.wgPtsto2_false
Perennial.sync.wg_ptsto2_timeless	Perennial.sync.wgPtsto2_timeless
Perennial.sync.wg_ptsto2_true	Perennial.sync.wgPtsto2_true
Perennial.sync.wg_sema	Perennial.sync.wgSema
Perennial.sync.wg_state	Perennial.sync.wgState
Perennial.sync.wp_Cond__Broadcast	Perennial.sync.Cond.wp_Broadcast
Perennial.sync.wp_Cond__Signal	Perennial.sync.Cond.wp_Signal
Perennial.sync.wp_Cond__Wait	Perennial.sync.Cond.wp_Wait
Perennial.sync.wp_Mutex__Lock	Perennial.sync.Mutex.wp_Lock
Perennial.sync.wp_Mutex__TryLock	Perennial.sync.Mutex.wp_TryLock
Perennial.sync.wp_Mutex__Unlock	Perennial.sync.Mutex.wp_Unlock
Perennial.sync.wp_Once__Do	Perennial.sync.Once.wp_Do
Perennial.sync.wp_Once__doSlow	Perennial.sync.Once.wp_doSlow
Perennial.sync.wp_RWMutex__Lock	Perennial.sync.RWMutex.wp_Lock
Perennial.sync.wp_RWMutex__RLock	Perennial.sync.RWMutex.wp_RLock
Perennial.sync.wp_RWMutex__RUnlock	Perennial.sync.RWMutex.wp_RUnlock
Perennial.sync.wp_RWMutex__Unlock	Perennial.sync.RWMutex.wp_Unlock
Perennial.sync.wp_WaitGroup__Add	Perennial.sync.WaitGroup.wp_Add
Perennial.sync.wp_WaitGroup__Done	Perennial.sync.WaitGroup.wp_Done
Perennial.sync.wp_WaitGroup__Wait	Perennial.sync.WaitGroup.wp_Wait
Perennial.sync.wp_copyChecker__check	Perennial.sync.copyChecker.wp_check
Perennial.tag.internal_under	Perennial.tag.internalUnder
Perennial.tag.internal_under.elim	Perennial.tag.internalUnder.elim
Perennial.tag.internal_under.sizeOf_spec	Perennial.tag.internalUnder.sizeOf_spec
Perennial.tag.under_t	Perennial.tag.underT
Perennial.tag.under_t.elim	Perennial.tag.underT.elim
Perennial.tag.under_t.inj	Perennial.tag.underT.inj
Perennial.tag.under_t.injEq	Perennial.tag.underT.injEq
Perennial.tag.under_t.noConfusion	Perennial.tag.underT.noConfusion
Perennial.tag.under_t.sizeOf_spec	Perennial.tag.underT.sizeOf_spec
Perennial.time.get_is_pkg_init_wf_inst	Perennial.time.get_isPkgInit_wf_inst
Perennial.time.is_pkg_init_inst	Perennial.time.isPkgInit_inst
Perennial.time.wp_Time__Add	Perennial.time.Time.wp_Add
Perennial.time.wp_Time__UnixNano	Perennial.time.Time.wp_UnixNano
Perennial.time.wp_Time__UnixNano'	Perennial.time.Time.wp_UnixNano'
Perennial.time.wp_Time__nsec	Perennial.time.Time.wp_nsec
Perennial.time.wp_Time__sec	Perennial.time.Time.wp_sec
Perennial.time.wp_Time__unixSec	Perennial.time.Time.wp_unixSec
Perennial.tls_write_unique	Perennial.TlsWriteUnique
Perennial.to_lock_stateR	Perennial.toLockStateR
Perennial.to_lock_stateR_inj	Perennial.toLockStateR_inj
Perennial.to_lock_stateR_valid	Perennial.toLockStateR_valid
Perennial.to_na_heap	Perennial.toNaHeap
Perennial.to_na_heap_insert	Perennial.toNaHeap_insert
Perennial.to_val	Perennial.toVal
Perennial.tsc_lb	Perennial.tscLb
Perennial.tsc_lb_0	Perennial.tscLb_0
Perennial.tsc_lb_persistent	Perennial.tscLb_persistent
Perennial.tsc_lb_weaken	Perennial.tscLb_weaken
Perennial.typed_pointsto_wrap	Perennial.typedPointstoWrap
Perennial.tyval_toTree	Perennial.tyvalToTree
Perennial.tyval_toTree_inj	Perennial.tyvalToTree_inj
Perennial.u16	Perennial.U16
Perennial.u32	Perennial.U32
Perennial.u32_le	Perennial.u32Le
Perennial.u32_le_0	Perennial.u32Le_0
Perennial.u32_le_def	Perennial.u32LeDef
Perennial.u32_le_inj	Perennial.u32Le_inj
Perennial.u32_le_length	Perennial.u32Le_length
Perennial.u32_le_to_word	Perennial.u32Le_to_word
Perennial.u32_le_unseal	Perennial.u32Le_unseal
Perennial.u64	Perennial.U64
Perennial.u64_le	Perennial.u64Le
Perennial.u64_le_0	Perennial.u64Le_0
Perennial.u64_le_def	Perennial.u64LeDef
Perennial.u64_le_inj	Perennial.u64Le_inj
Perennial.u64_le_length	Perennial.u64Le_length
Perennial.u64_le_to_word	Perennial.u64Le_to_word
Perennial.u64_le_unseal	Perennial.u64Le_unseal
Perennial.u64_round_up	Perennial.u64RoundUp
Perennial.u8	Perennial.U8
Perennial.u8_to_ascii	Perennial.u8ToAscii
Perennial.u8_to_string	Perennial.u8ToString
Perennial.unsafe.get_is_pkg_init_wf_inst	Perennial.unsafe.get_isPkgInit_wf_inst
Perennial.unsafe.is_pkg_init_inst	Perennial.unsafe.isPkgInit_inst
Perennial.vals_toTree	Perennial.valsToTree
Perennial.vals_toTree_inj	Perennial.valsToTree_inj
Perennial.wlock_state	Perennial.WlockState
Perennial.wlock_state.IsLocked	Perennial.WlockState.IsLocked
Perennial.wlock_state.IsLocked.elim	Perennial.WlockState.IsLocked.elim
Perennial.wlock_state.IsLocked.sizeOf_spec	Perennial.WlockState.IsLocked.sizeOf_spec
Perennial.wlock_state.NotLocked	Perennial.WlockState.NotLocked
Perennial.wlock_state.NotLocked.elim	Perennial.WlockState.NotLocked.elim
Perennial.wlock_state.NotLocked.inj	Perennial.WlockState.NotLocked.inj
Perennial.wlock_state.NotLocked.injEq	Perennial.WlockState.NotLocked.injEq
Perennial.wlock_state.NotLocked.noConfusion	Perennial.WlockState.NotLocked.noConfusion
Perennial.wlock_state.NotLocked.sizeOf_spec	Perennial.WlockState.NotLocked.sizeOf_spec
Perennial.wlock_state.SignalingReaders	Perennial.WlockState.SignalingReaders
Perennial.wlock_state.SignalingReaders.elim	Perennial.WlockState.SignalingReaders.elim
Perennial.wlock_state.SignalingReaders.inj	Perennial.WlockState.SignalingReaders.inj
Perennial.wlock_state.SignalingReaders.injEq	Perennial.WlockState.SignalingReaders.injEq
Perennial.wlock_state.SignalingReaders.noConfusion	Perennial.WlockState.SignalingReaders.noConfusion
Perennial.wlock_state.SignalingReaders.sizeOf_spec	Perennial.WlockState.SignalingReaders.sizeOf_spec
Perennial.wlock_state.WaitingForReaders	Perennial.WlockState.WaitingForReaders
Perennial.wlock_state.WaitingForReaders.elim	Perennial.WlockState.WaitingForReaders.elim
Perennial.wlock_state.WaitingForReaders.sizeOf_spec	Perennial.WlockState.WaitingForReaders.sizeOf_spec
Perennial.wlock_state.casesOn	Perennial.WlockState.casesOn
Perennial.wlock_state.ctorElim	Perennial.WlockState.ctorElim
Perennial.wlock_state.ctorElimType	Perennial.WlockState.ctorElimType
Perennial.wlock_state.ctorIdx	Perennial.WlockState.ctorIdx
Perennial.wlock_state.noConfusion	Perennial.WlockState.noConfusion
Perennial.wlock_state.noConfusionType	Perennial.WlockState.noConfusionType
Perennial.wlock_state.rec	Perennial.WlockState.rec
Perennial.wlock_state.recOn	Perennial.WlockState.recOn
Perennial.word.word_lit_sintNat	Perennial.word.wordLitSintNat
Perennial.word.word_lit_sintZ	Perennial.word.wordLitSintZ
Perennial.word.word_lit_uintNat	Perennial.word.wordLitUintNat
Perennial.word.word_lit_uintZ	Perennial.word.wordLitUintZ
Perennial.wp__new_cap	Perennial.wp_new_cap
Perennial.wp_assume_mul_no_overflow	Perennial.wp_assumeMulNoOverflow
Perennial.wp_assume_sum_no_overflow	Perennial.wp_assumeSumNoOverflow
Perennial.wp_assume_sum_no_overflow_signed	Perennial.wp_assumeSumNoOverflowSigned
Perennial.wp_map_delete	Perennial.wp_mapDelete
Perennial.wp_map_insert	Perennial.wp_mapInsert
Perennial.wp_mul_overflows	Perennial.wp_mulOverflows
Perennial.wp_sum_assume_no_overflow	Perennial.wp_sumAssumeNoOverflow
Perennial.wp_sum_assume_no_overflow_signed	Perennial.wp_sumAssumeNoOverflowSigned
Perennial.zero_val_interface_nil	Perennial.zeroVal_interface_nil
